date,temperature_2m,relative_humidity_2m,dew_point_2m,apparent_temperature,pressure_msl,surface_pressure,cloud_cover,wind_speed_10m,wind_direction_10m,wind_gusts_10m
2025-05-06 00:00:00,6.8175,69.46244,1.6175,3.722014,1022.3,1021.3025,30.0,8.461914,29.29127,16.919998
2025-05-06 01:00:00,6.3175,77.75243,2.7175,3.2300396,1022.4,1021.4009,26.0,9.741642,27.511923,19.08
2025-05-06 02:00:00,6.1675,79.68194,2.9175,3.0842838,1022.4,1021.40015,28.0,9.965239,20.07162,19.08
2025-05-06 03:00:00,6.0175004,79.65999,2.7675,3.106135,1022.4,1021.3999,25.0,8.596766,19.573223,19.08
2025-05-06 04:00:00,6.0675,78.82443,2.6675,3.3123894,1022.5,1021.49976,90.0,7.3997297,18.435053,16.199999
2025-05-06 05:00:00,7.2675004,74.40946,3.0175,4.343791,1022.6,1021.60376,100.0,9.0,16.26028,16.56
2025-05-06 06:00:00,8.1675,72.24416,3.4675,5.317319,1022.7,1021.7069,100.0,9.080639,13.760814,18.0
2025-05-06 07:00:00,9.5175,64.56869,3.1675,6.6866674,1022.9,1021.91156,98.0,8.557102,22.249071,22.68
2025-05-06 08:00:00,10.367499,65.67521,4.2175,7.2209806,1023.0,1022.0142,100.0,12.124307,18.166054,27.72
2025-05-06 09:00:00,10.2675,74.933586,6.0175004,7.4336977,1023.2,1022.2138,100.0,12.606426,350.13425,27.72
2025-05-06 10:00:00,10.617499,76.29469,6.6175003,7.868572,1023.1,1022.1151,100.0,12.966248,346.34955,30.239998
2025-05-06 11:00:00,11.7675,71.18324,6.7175,8.657401,1022.9,1021.9195,100.0,15.602999,16.76264,33.48
2025-05-06 12:00:00,12.9175,63.992702,6.2675004,9.501537,1022.5,1021.52374,100.0,16.985933,12.858095,37.44
2025-05-06 13:00:00,12.3175,68.65192,6.7175,8.700183,1022.6,1021.6214,98.0,19.08085,0.54050505,42.12
2025-05-06 14:00:00,12.6675,67.09358,6.7175,9.092578,1022.4,1021.42285,100.0,18.789963,355.0541,42.48
2025-05-06 15:00:00,11.867499,73.68255,7.3175,8.221995,1022.4,1021.42035,100.0,20.256998,354.3908,46.079998
2025-05-06 16:00:00,11.617499,72.63551,6.8675003,8.136057,1022.6,1021.6191,100.0,18.391735,356.6336,45.0
2025-05-06 17:00:00,11.4175,70.8715,6.3175,8.124025,1022.6,1021.61847,100.0,16.22498,3.179772,40.68
2025-05-06 18:00:00,10.9675,75.83034,6.8675003,7.7758512,1022.5,1021.517,100.0,16.404707,3.144897,38.88
2025-05-06 19:00:00,10.5675,80.5858,7.3675003,7.7517586,1022.7,1021.7155,70.0,14.650939,5.6404567,35.28
2025-05-06 20:00:00,9.8175,82.15641,6.9175,7.093766,1022.9,1021.91254,100.0,13.277364,15.732075,29.88
2025-05-06 21:00:00,9.8175,80.75884,6.6675,6.9870577,1023.1,1022.1123,100.0,13.605189,17.715889,27.72
2025-05-06 22:00:00,9.5675,78.25789,5.9675,6.4108,1022.9,1021.9118,100.0,14.743526,17.771418,30.239998
2025-05-06 23:00:00,8.9175,78.70256,5.4175,6.004484,1022.9,1021.9096,85.0,12.241323,19.767267,29.88
2025-05-07 00:00:00,8.8175,78.1427,5.2175,6.236661,1022.9,1021.90924,90.0,9.668195,24.179106,24.48
2025-05-07 01:00:00,8.5175,78.64217,5.0175004,5.8543444,1022.9,1021.908,100.0,9.9408245,5.19435,22.68
2025-05-07 02:00:00,8.7175,75.98005,4.7175,5.904312,1022.7,1021.7088,100.0,10.538843,7.853233,21.599998
2025-05-07 03:00:00,8.5675,74.377594,4.2675004,5.6800194,1022.5,1021.50867,83.0,10.4166975,9.950565,21.599998
2025-05-07 04:00:00,8.1675,74.568306,3.9175,5.122595,1022.5,1021.5071,55.0,11.016824,4.685815,21.599998
2025-05-07 05:00:00,8.2675,74.58586,4.0175004,5.2162485,1022.4,1021.40753,36.0,11.196231,4.610574,21.96
2025-05-07 06:00:00,9.0675,72.160355,4.3175,6.039749,1022.5,1021.5104,25.0,11.448055,16.44046,24.84
2025-05-07 07:00:00,10.3175,66.12587,4.2675004,7.0313177,1022.7,1021.71454,100.0,13.151091,30.425709,29.16
2025-05-07 08:00:00,11.117499,64.477196,4.6675,7.8989105,1022.5,1021.51764,100.0,13.248049,36.714306,31.319998
2025-05-07 09:00:00,11.617499,64.14203,5.0675,8.655741,1022.4,1021.4194,100.0,12.061343,37.725063,30.960001
2025-05-07 10:00:00,12.7175,61.77367,5.5675,9.965212,1022.2,1021.22345,100.0,11.362834,40.502766,28.8
2025-05-07 11:00:00,13.2675,61.689953,6.0675,10.781722,1021.9,1020.92566,100.0,10.296251,36.469334,28.08
2025-05-07 12:00:00,13.7175,58.883175,5.8175,11.206344,1021.6,1020.62714,94.0,10.086427,34.82457,25.919998
2025-05-07 13:00:00,13.867499,56.52215,5.3675003,11.178415,1021.5,1020.52783,98.0,10.630672,28.30066,26.28
2025-05-07 14:00:00,13.4675,60.891296,6.0675,10.59087,1021.2,1020.2269,100.0,12.976239,23.720417,29.88
2025-05-07 15:00:00,12.2175,70.29996,6.9675,8.78532,1021.2,1020.2224,95.0,18.216497,11.976112,40.68
2025-05-07 16:00:00,11.7675,70.6959,6.6175003,8.340575,1021.1,1020.12115,100.0,17.615187,11.195081,41.760002
2025-05-07 17:00:00,10.617499,73.71244,6.1175003,7.3009205,1021.0,1020.01715,100.0,16.071491,15.5928755,39.6
2025-05-07 18:00:00,10.1675,76.48397,6.2175,7.12492,1020.8,1019.81573,100.0,14.348156,19.798973,34.92
2025-05-07 19:00:00,9.9175,78.042,6.2675004,6.9898014,1021.0,1020.01495,22.0,13.638489,22.503578,30.239998
2025-05-07 20:00:00,8.9675,83.186386,6.2675004,6.0775356,1021.2,1020.21124,7.0,13.379461,19.653913,27.72
2025-05-07 21:00:00,8.5675,87.548615,6.6175003,5.7420588,1021.1,1020.11,7.0,13.4903965,18.676802,26.64
2025-05-07 22:00:00,8.4675,90.286095,6.9675,5.605521,1021.0,1020.0098,11.0,14.30632,21.399887,28.08
2025-05-07 23:00:00,8.367499,89.969604,6.8175,5.633584,1020.7,1019.7098,12.0,13.184308,32.171192,28.08
2025-05-08 00:00:00,8.0175,87.49736,6.0675,5.3660336,1020.6,1019.60864,9.0,11.43248,33.439884,25.56
2025-05-08 01:00:00,7.7175,87.77236,5.8175,4.8312044,1020.3,1019.3076,4.0,12.659004,29.84584,24.84
2025-05-08 02:00:00,7.4175,89.27748,5.7675004,4.632698,1020.0,1019.00696,0.0,11.886816,32.005356,24.48
2025-05-08 03:00:00,7.1675,90.81624,5.7675004,4.4909906,1019.8,1018.80615,0.0,11.144021,31.122416,23.039999
2025-05-08 04:00:00,7.1175003,92.07771,5.9175,4.536584,1019.6,1018.6063,0.0,10.717182,29.147985,21.599998
2025-05-08 05:00:00,7.6675,92.4285,6.5175004,5.291443,1019.6,1018.6083,1.0,10.248941,30.618525,20.880001
2025-05-08 06:00:00,9.0175,91.25513,7.6675,7.1088724,1019.7,1018.7131,0.0,8.936778,27.597204,19.8
2025-05-08 07:00:00,11.0175,85.43493,8.6675,9.400285,1019.6,1018.6198,2.0,8.694204,27.095472,21.599998
2025-05-08 08:00:00,12.7175,78.20349,9.0175,11.169771,1019.6,1018.62585,4.0,8.856658,37.568665,23.4
2025-05-08 09:00:00,14.0675,72.10415,9.117499,12.970911,1019.7,1018.7303,0.0,8.043805,49.53785,24.119999
2025-05-08 10:00:00,15.117499,67.15336,9.0675,14.6629925,1019.5,1018.534,7.0,8.139901,54.90411,24.84
2025-05-08 11:00:00,15.7675,62.48477,8.617499,15.461773,1019.2,1018.23645,19.0,8.461915,51.911175,24.84
2025-05-08 12:00:00,15.9675,55.705456,7.1175003,14.851587,1019.3,1018.337,38.0,9.7565975,60.124096,26.64
2025-05-08 13:00:00,16.067501,49.574097,5.5175004,14.238047,1019.1,1018.1375,40.0,8.6193495,61.294147,23.4
2025-05-08 14:00:00,16.3675,45.206406,4.4675,13.994577,1018.9,1017.9387,33.0,9.449572,49.635548,24.48
2025-05-08 15:00:00,16.567501,43.249855,4.0175004,13.532753,1018.7,1017.7395,63.0,11.079873,46.97493,26.28
2025-05-08 16:00:00,15.9175,44.60639,3.8675,12.515722,1018.7,1017.73755,97.0,13.393983,41.185837,29.88
2025-05-08 17:00:00,14.7175,53.684193,5.4175,11.483859,1019.0,1018.03314,41.0,14.438198,35.869915,32.399998
2025-05-08 18:00:00,14.117499,58.778717,6.1675,11.33239,1019.0,1018.0312,25.0,12.503199,30.256361,31.68
2025-05-08 19:00:00,12.867499,63.76116,6.1675,10.309181,1019.2,1018.2265,36.0,10.948973,27.40749,25.199999
2025-05-08 20:00:00,12.2675,62.74791,5.3675003,9.300381,1019.8,1018.8241,47.0,12.538134,39.173653,23.759998
2025-05-08 21:00:00,12.1675,57.482014,4.0175004,8.693851,1020.1,1019.1235,13.0,14.092977,65.071556,27.359999
2025-05-08 22:00:00,11.367499,58.50379,3.5175,8.011338,1020.3,1019.3204,14.0,12.616703,75.96373,27.359999
2025-05-08 23:00:00,10.4675,63.65612,3.8675,7.3343296,1020.5,1019.5174,14.0,11.555102,71.847206,24.119999
2025-05-09 00:00:00,9.7675,70.30348,4.6175003,6.7897644,1020.8,1019.8145,8.0,11.525623,75.52967,22.319998
2025-05-09 01:00:00,8.7175,78.67239,5.2175,6.03751,1020.9,1019.9106,0.0,10.3480425,76.93068,21.599998
2025-05-09 02:00:00,8.367499,79.99999,5.1175003,5.6090145,1021.0,1020.00946,0.0,10.739833,76.42955,20.519999
2025-05-09 03:00:00,7.9675,79.38654,4.6175003,5.2245865,1021.1,1020.1078,0.0,9.914717,74.197426,20.519999
2025-05-09 04:00:00,7.5675,81.57864,4.6175003,4.9503527,1021.3,1020.3063,0.0,9.05205,72.64589,19.08
2025-05-09 05:00:00,8.0175,82.20837,5.1675,5.3295145,1021.6,1020.60767,0.0,10.32924,67.4569,19.44
2025-05-09 06:00:00,9.4175,81.82298,6.4675,7.0337057,1022.0,1021.012,8.0,10.223619,63.886147,20.16
2025-05-09 07:00:00,11.2675,76.40099,7.2675004,9.223215,1022.3,1021.3182,1.0,9.194106,66.94868,21.96
2025-05-09 08:00:00,13.0675,70.70623,7.8675003,11.195357,1022.5,1021.5241,79.0,9.028754,66.50142,23.4
2025-05-09 09:00:00,14.6675,60.759758,7.1675,12.92252,1022.5,1021.5294,9.0,9.459852,68.80588,25.199999
2025-05-09 10:00:00,15.867499,48.496994,5.0175004,14.028595,1022.4,1021.43384,17.0,11.177405,75.068535,28.08
2025-05-09 11:00:00,16.4675,42.318947,3.6175,14.389875,1022.4,1021.43567,4.0,13.397612,83.829926,32.760002
2025-05-09 12:00:00,16.7675,41.228554,3.5175,14.520472,1022.3,1021.3367,7.0,14.739132,81.57312,35.28
2025-05-09 13:00:00,17.667501,38.67388,3.4175,15.411711,1021.9,1020.94037,0.0,13.577776,75.41104,35.28
2025-05-09 14:00:00,18.2175,37.75609,3.5674999,15.533463,1021.5,1020.5423,1.0,15.048042,83.130104,35.28
2025-05-09 15:00:00,17.667501,41.342987,4.3675003,14.264442,1021.3,1020.3409,11.0,16.029099,65.44956,37.079998
2025-05-09 16:00:00,16.6175,48.20108,5.6175003,12.933815,1021.3,1020.3374,2.0,17.82091,44.18164,40.32
2025-05-09 17:00:00,16.067501,52.75428,6.4175,12.648479,1021.1,1020.1356,0.0,17.23964,40.341682,40.68
2025-05-09 18:00:00,15.2175,59.45398,7.3675003,12.463516,1021.1,1020.1327,0.0,14.224556,38.320164,37.44
2025-05-09 19:00:00,13.9175,63.34513,7.0675,10.991929,1021.4,1020.428,8.0,14.905261,42.552914,29.519999
2025-05-09 20:00:00,12.7675,65.07051,6.3675003,9.629589,1022.1,1021.1235,8.0,15.236338,51.234467,29.88
2025-05-09 21:00:00,11.867499,66.92346,5.9175,8.7706375,1022.4,1021.42035,0.0,14.256409,65.37646,29.519999
2025-05-09 22:00:00,11.3175,68.44651,5.7175,8.196069,1022.6,1021.61816,1.0,14.120539,72.95089,27.72
2025-05-09 23:00:00,10.8175,69.53977,5.4675,7.79659,1022.8,1021.816,0.0,13.055896,74.81411,27.359999
2025-05-10 00:00:00,10.2175,71.62647,5.3175,7.3807583,1022.8,1021.8142,0.0,11.570515,84.644264,25.199999
2025-05-10 01:00:00,9.4675,74.7953,5.2175,6.37895,1022.3,1021.31213,0.0,13.149859,70.8209,25.56
2025-05-10 02:00:00,9.0175,77.36355,5.2675004,6.017398,1022.0,1021.0108,0.0,12.616703,75.96373,25.199999
2025-05-10 03:00:00,8.6675,78.93874,5.2175,5.7768707,1022.0,1021.0095,0.0,11.792404,77.660934,24.48
2025-05-10 04:00:00,8.2175,81.66502,5.2675004,5.3983297,1022.0,1021.00793,0.0,11.375658,85.46231,23.039999
2025-05-10 05:00:00,8.5175,81.98827,5.6175003,5.77929,1022.0,1021.0089,0.0,11.341428,89.090645,22.319998
2025-05-10 06:00:00,9.7675,79.37502,6.3675003,7.406929,1022.1,1021.1133,0.0,9.906544,92.08252,22.319998
2025-05-10 07:00:00,11.5675,74.38907,7.1675,9.527078,1022.1,1021.1193,0.0,9.0018,91.14574,21.599998
2025-05-10 08:00:00,13.5175,68.66206,7.8675003,11.674679,1022.0,1021.0261,0.0,8.827344,87.66274,23.039999
2025-05-10 09:00:00,15.4675,63.053226,8.4675,14.2276,1021.9,1020.933,20.0,8.477216,86.347855,23.039999
2025-05-10 10:00:00,17.067501,57.136005,8.5175,16.554565,1021.6,1020.6383,30.0,8.149847,83.659904,23.4
2025-05-10 11:00:00,18.2675,50.00255,7.6675,17.827818,1021.3,1020.3427,14.0,9.0018,78.46541,24.48
2025-05-10 12:00:00,18.917501,43.61716,6.2675004,17.920567,1020.9,1019.94507,20.0,11.307095,76.18495,28.8
2025-05-10 13:00:00,19.4675,41.284603,5.9675,17.77602,1020.0,1019.04785,55.0,14.36621,74.74483,34.56
2025-05-10 14:00:00,19.5175,40.591316,5.7675004,17.09292,1019.3,1018.3488,43.0,16.451052,72.159706,38.16
2025-05-10 15:00:00,19.4675,40.576992,5.7175,16.305843,1018.8,1017.84894,47.0,17.71789,69.17137,40.32
2025-05-10 16:00:00,19.3675,41.54213,5.9675,15.605339,1018.4,1017.449,3.0,18.88628,67.59012,41.760002
2025-05-10 17:00:00,18.817501,45.11517,6.6675,15.340467,1018.1,1017.1473,7.0,18.030575,58.055286,41.760002
2025-05-10 18:00:00,17.567501,51.02009,7.3175,14.21051,1017.9,1016.9438,7.0,18.272436,55.840256,39.239998
2025-05-10 19:00:00,16.167501,55.5664,7.2675004,12.856342,1018.0,1017.0388,59.0,17.87718,64.98315,37.8
2025-05-10 20:00:00,15.3175,56.50124,6.7175,11.950306,1018.3,1017.3357,99.0,17.363237,72.50415,35.64
2025-05-10 21:00:00,14.6675,60.5522,7.1175003,11.392643,1018.4,1017.43335,100.0,17.381887,74.38055,34.56
2025-05-10 22:00:00,13.867499,64.86845,7.3675003,10.866088,1018.5,1017.5307,78.0,15.922624,79.57934,33.839996
2025-05-10 23:00:00,13.0175,68.09313,7.2675004,10.284328,1018.4,1017.42804,56.0,13.917154,84.805664,30.960001
2025-05-11 00:00:00,12.5175,69.640434,7.1175003,9.852712,1018.3,1017.3264,60.0,13.200273,84.52272,26.64
2025-05-11 01:00:00,11.7675,72.66311,7.0175004,9.133449,1017.7,1016.7244,58.0,12.825552,85.16967,25.919998
2025-05-11 02:00:00,11.4175,74.87386,7.1175003,8.728937,1017.4,1016.4235,86.0,13.363711,85.364624,25.56
2025-05-11 03:00:00,10.9675,78.47059,7.3675003,8.341421,1016.9,1015.9224,93.0,13.350371,86.13462,25.919998
2025-05-11 04:00:00,10.617499,81.42196,7.5675,8.146938,1016.5,1015.5215,62.0,12.620554,86.729576,25.919998
2025-05-11 05:00:00,10.8175,82.2842,7.9175,8.461805,1016.2,1015.22235,1.0,12.431734,87.5105,24.48
2025-05-11 06:00:00,12.117499,80.52591,8.867499,10.191797,1016.0,1015.02704,0.0,11.173057,87.22985,24.119999
2025-05-11 07:00:00,13.8175,74.52638,9.367499,12.051779,1015.8,1014.833,0.0,11.003581,93.751656,25.56
2025-05-11 08:00:00,15.8175,68.207146,9.9675,14.34815,1015.5,1014.54,0.0,10.120098,95.10208,25.56
2025-05-11 09:00:00,18.067501,59.340843,10.0175,16.966024,1015.3,1014.3477,0.0,10.337079,97.001175,26.28
2025-05-11 10:00:00,19.8675,52.85925,9.9675,19.243525,1014.9,1013.95386,0.0,11.307095,103.81505,28.8
2025-05-11 11:00:00,21.317501,40.686153,7.4175,20.022575,1014.6,1013.6589,0.0,13.766176,117.23507,32.760002
2025-05-11 12:00:00,22.2675,32.311634,4.9175,20.350245,1014.2,1013.2622,0.0,14.98331,128.65982,35.28
2025-05-11 13:00:00,22.917501,28.558516,3.7175,20.551933,1013.4,1012.46515,0.0,15.7908325,136.8476,37.079998
2025-05-11 14:00:00,23.067501,30.35444,4.7175,20.753176,1013.1,1012.1657,0.0,14.773164,133.02507,37.079998
2025-05-11 15:00:00,23.067501,31.539438,5.2675004,20.558805,1012.6,1011.6662,0.0,13.184308,128.90414,34.56
2025-05-11 16:00:00,22.8675,32.935577,5.7175,20.048214,1012.2,1011.26587,0.0,12.031756,128.92755,30.960001
2025-05-11 17:00:00,22.6175,34.85329,6.3175,20.432905,1011.9,1010.9655,0.0,8.604301,127.34943,27.72
2025-05-11 18:00:00,21.4675,48.219585,10.0675,20.896242,1011.8,1010.8619,1.0,4.143911,92.4895,20.16
2025-05-11 19:00:00,19.1175,57.64484,10.5675,18.603884,1011.8,1010.8545,1.0,4.7521367,65.37646,9.36
2025-05-11 20:00:00,18.2675,57.050835,9.617499,16.861876,1012.1,1011.1513,1.0,9.0018,78.46541,16.199999
2025-05-11 21:00:00,18.2675,51.034134,7.9675,15.975313,1012.2,1011.2513,0.0,12.074766,100.30479,22.319998
2025-05-11 22:00:00,17.917501,49.39833,7.1675,15.428722,1012.4,1011.4499,0.0,12.0694,107.35411,24.84
2025-05-11 23:00:00,16.7175,54.953297,7.6175003,14.5186,1012.5,1011.5459,0.0,10.837435,85.23644,22.68
2025-05-12 00:00:00,15.617499,60.57256,8.0175,13.143253,1012.6,1011.6421,0.0,13.41453,78.38854,25.199999
2025-05-12 01:00:00,15.117499,62.97327,8.117499,12.514603,1012.3,1011.3408,0.0,14.471821,95.7105,27.359999
2025-05-12 02:00:00,14.6675,65.044975,8.1675,12.194832,1012.3,1011.3391,0.0,13.666967,102.93806,27.359999
2025-05-12 03:00:00,14.117499,66.71576,8.0175,11.7462435,1012.3,1011.3375,0.0,12.710091,102.26476,25.919998
2025-05-12 04:00:00,13.5175,67.73328,7.6675,11.103822,1012.4,1011.4353,1.0,12.399113,99.18877,24.119999
2025-05-12 05:00:00,13.5175,68.196266,7.7675004,11.050952,1012.6,1011.6351,1.0,12.93247,98.80671,25.199999
2025-05-12 06:00:00,14.5175,65.90095,8.2175,12.259224,1012.9,1011.93835,0.0,12.284916,100.98061,25.56
2025-05-12 07:00:00,15.9175,60.234047,8.2175,13.616386,1013.2,1012.24274,0.0,12.576836,99.05781,28.08
2025-05-12 08:00:00,17.5175,56.480667,8.7675,15.337473,1013.5,1012.54755,0.0,12.7279215,98.13002,29.88
2025-05-12 09:00:00,19.167501,52.49889,9.2175,17.420235,1013.8,1012.85266,0.0,13.039754,96.340096,31.319998
2025-05-12 10:00:00,20.567501,47.812885,9.117499,19.23297,1013.9,1012.95703,0.0,14.096425,95.128105,33.839996
2025-05-12 11:00:00,21.7175,41.782166,8.1675,20.28249,1013.8,1012.86084,0.0,15.531195,94.65327,37.079998
2025-05-12 12:00:00,22.417501,38.043983,7.4175,20.804226,1013.8,1012.86316,0.0,16.383955,91.25902,38.88
2025-05-12 13:00:00,22.7675,36.488045,7.1175003,20.932228,1013.7,1012.7642,0.0,16.808569,80.13426,39.6
2025-05-12 14:00:00,22.4675,36.153343,6.7175,20.008678,1013.6,1012.6633,0.0,18.123774,74.445366,42.12
2025-05-12 15:00:00,22.067501,35.545383,6.1175003,18.82619,1013.6,1012.662,0.0,18.947083,75.69969,43.199997
2025-05-12 16:00:00,21.6175,35.78606,5.8175,17.711285,1013.7,1012.76074,0.0,19.639805,72.39528,43.56
2025-05-12 17:00:00,20.6175,39.660164,6.4175,16.856754,1013.9,1012.9573,9.0,19.574533,65.55606,44.28
2025-05-12 18:00:00,19.4675,43.324284,6.6675,15.836615,1014.1,1013.1533,24.0,19.084246,64.8852,43.199997
2025-05-12 19:00:00,18.3675,43.91448,5.8675003,14.612331,1014.7,1013.7493,5.0,18.687086,69.12091,39.239998
2025-05-12 20:00:00,17.567501,45.545307,5.6675,13.828743,1015.4,1014.4461,0.0,18.272438,71.0295,37.44
2025-05-12 21:00:00,16.567501,48.690502,5.7175,12.962652,1015.8,1014.8422,1.0,17.431213,73.81073,36.0
2025-05-12 22:00:00,15.7175,49.996452,5.3175,12.189192,1016.4,1015.4388,16.0,16.309628,79.18617,34.56
2025-05-12 23:00:00,14.9675,51.378235,5.0175004,11.470651,1016.7,1015.73627,30.0,15.655862,81.404175,32.039997
2025-05-13 00:00:00,14.2175,53.55199,4.9175,10.768781,1016.9,1015.9336,36.0,15.182015,79.755974,30.599998
2025-05-13 01:00:00,13.117499,56.13371,4.5675,9.694338,1017.2,1016.22943,50.0,14.508715,78.5507,28.08
2025-05-13 02:00:00,12.5175,59.20228,4.7675004,9.047863,1017.6,1016.6271,17.0,15.111424,77.619255,28.8
2025-05-13 03:00:00,11.9175,61.155964,4.6675,8.452775,1017.8,1016.8247,1.0,14.935662,77.4712,29.519999
2025-05-13 04:00:00,11.4175,62.331535,4.4675,7.9531946,1018.0,1017.02295,0.0,14.650938,79.380394,28.8
2025-05-13 05:00:00,11.5675,63.243286,4.8175,8.214546,1018.4,1017.4229,0.0,14.383114,81.36295,28.8
2025-05-13 06:00:00,12.5175,63.46161,5.7675004,9.5666685,1018.9,1017.92584,0.0,13.026081,78.84538,28.44
2025-05-13 07:00:00,13.6675,60.939056,6.2675004,10.803181,1019.3,1018.32935,0.0,13.202726,78.996506,30.239998
2025-05-13 08:00:00,15.2675,56.294804,6.6175003,12.535183,1019.5,1018.5346,0.0,12.849528,78.6901,31.319998
2025-05-13 09:00:00,16.917501,50.67056,6.6175003,14.641804,1019.7,1018.73987,0.0,12.966248,76.34956,32.039997
2025-05-13 10:00:00,18.317501,43.296696,5.6175003,16.12195,1019.7,1018.74426,0.0,14.935662,77.4712,35.64
2025-05-13 11:00:00,18.9675,37.444748,4.1175003,16.424446,1019.7,1018.7466,0.0,17.512806,77.53508,41.399998
2025-05-13 12:00:00,19.3675,38.22176,4.7675004,17.267366,1019.6,1018.6478,0.0,16.62249,72.34979,41.399998
2025-05-13 13:00:00,19.8675,37.18281,4.8175,17.74792,1019.3,1018.3497,0.0,16.244936,68.5522,40.68
2025-05-13 14:00:00,20.167501,36.371624,4.7675004,17.764982,1019.0,1018.05096,0.0,15.865546,65.17949,38.519997
2025-05-13 15:00:00,20.417501,35.194477,4.5175004,17.50755,1018.7,1017.7522,0.0,15.244842,67.06787,37.8
2025-05-13 16:00:00,20.4675,34.71991,4.3675003,17.03739,1018.5,1017.55237,0.0,14.266632,60.524208,35.64
2025-05-13 17:00:00,19.9675,36.1873,4.5175004,16.66042,1018.2,1017.2511,0.0,13.633737,47.675488,33.12
2025-05-13 18:00:00,18.4675,50.569893,8.0175,15.917368,1018.4,1017.4462,0.0,13.929953,25.240503,31.319998
2025-05-13 19:00:00,16.667501,60.006817,8.867499,14.175171,1018.5,1017.54004,0.0,15.053425,26.258598,29.88
2025-05-13 20:00:00,15.4675,61.36556,8.0675,12.535315,1018.9,1017.9358,3.0,16.641972,38.853382,33.12
2025-05-13 21:00:00,14.617499,62.21872,7.4675,11.6979885,1019.2,1018.2326,0.0,15.528064,44.999897,32.760002
2025-05-13 22:00:00,13.867499,63.550987,7.0675,11.0412035,1019.5,1018.5297,1.0,14.224556,51.67985,30.239998
2025-05-13 23:00:00,13.2175,65.16996,6.8175,10.396801,1019.7,1018.72736,0.0,13.779114,56.725105,27.72
2025-05-14 00:00:00,12.6675,67.55572,6.8175,10.005914,1019.7,1018.72546,2.0,12.688404,58.3393,26.64
2025-05-14 01:00:00,11.3175,73.83724,6.8175,8.671695,1019.6,1018.62103,0.0,12.5807,56.082535,24.84
2025-05-14 02:00:00,10.867499,77.38917,7.0675,8.281143,1019.7,1018.71936,0.0,12.5807,56.082535,24.84
2025-05-14 03:00:00,10.4675,82.5205,7.6175003,8.146177,1019.7,1018.71814,1.0,11.681987,56.309914,24.48
2025-05-14 04:00:00,10.0675,87.093155,8.0175,7.818947,1019.7,1018.7165,40.0,11.870451,49.304558,23.039999
2025-05-14 05:00:00,10.5675,85.67708,8.2675,8.399848,1019.8,1018.8183,52.0,11.753876,49.969803,23.759998
2025-05-14 06:00:00,11.9175,80.7709,8.7175,10.14911,1019.9,1018.9227,94.0,9.82114,41.28462,21.599998
2025-05-14 07:00:00,13.617499,73.742805,9.0175,11.9832,1020.0,1019.0283,89.0,9.449572,40.364468,23.039999
2025-05-14 08:00:00,15.4675,65.440605,9.0175,14.045256,1020.2,1019.23456,55.0,7.9932966,35.837746,23.4
2025-05-14 09:00:00,16.8675,59.250027,8.867499,15.616245,1020.3,1019.3389,93.0,9.354806,11.093693,25.199999
2025-05-14 10:00:00,17.317501,54.17987,7.9675,16.024725,1020.4,1019.4404,100.0,11.879999,360.0,30.599998
2025-05-14 11:00:00,17.567501,47.965885,6.4175,16.14509,1020.4,1019.4414,100.0,12.9249525,347.125,32.760002
2025-05-14 12:00:00,17.3675,55.30776,8.3175,16.402699,1020.3,1019.3409,88.0,13.609951,339.88733,34.56
2025-05-14 13:00:00,16.417501,64.1246,9.617499,15.35088,1020.2,1019.23773,25.0,16.348322,331.74207,39.6
2025-05-14 14:00:00,15.1675,64.93478,8.617499,12.992083,1020.4,1019.4334,13.0,18.934254,335.8716,45.0
2025-05-14 15:00:00,14.367499,64.53811,7.7675004,11.565106,1020.4,1019.4305,6.0,18.623693,339.6383,45.0
2025-05-14 16:00:00,13.7675,63.310886,6.9175,10.420521,1020.3,1019.32874,3.0,17.54977,338.9624,43.56
2025-05-14 17:00:00,12.7675,69.452515,7.3175,9.319704,1020.1,1019.12537,1.0,18.900856,340.5296,42.839996
2025-05-14 18:00:00,11.9175,73.189545,7.2675004,8.545648,1019.9,1018.9227,19.0,18.297245,344.59653,42.839996
2025-05-14 19:00:00,11.2175,75.35414,7.0175004,7.9767466,1019.6,1018.6208,50.0,16.985933,347.1419,40.68
2025-05-14 20:00:00,10.9175,74.27535,6.5175004,7.6319637,1019.8,1018.8193,91.0,16.486465,349.30353,37.8
2025-05-14 21:00:00,10.867499,71.99822,6.0175004,7.420883,1020.0,1019.0191,100.0,16.808569,350.13425,39.6
2025-05-14 22:00:00,11.0675,71.78786,6.1675,7.4442434,1019.9,1018.9198,100.0,18.252037,354.90796,40.68
2025-05-14 23:00:00,11.367499,69.65014,6.0175004,8.009039,1019.7,1018.72095,100.0,16.203999,358.727,39.6
2025-05-15 00:00:00,11.2675,73.07163,6.6175003,7.8893375,1019.7,1018.7207,100.0,17.280937,359.4032,37.8
2025-05-15 01:00:00,10.9675,77.140495,7.1175003,7.88789,1019.5,1018.5199,100.0,16.04526,356.78458,36.0
2025-05-15 02:00:00,10.867499,77.38917,7.0675,7.819891,1019.3,1018.31976,100.0,15.743569,354.09393,37.44
2025-05-15 03:00:00,10.617499,79.22717,7.1675,7.6920576,1019.3,1018.3188,98.0,15.070633,352.45068,37.079998
2025-05-15 04:00:00,10.6675,75.78029,6.5675,7.4854593,1019.3,1018.31915,90.0,15.856356,357.3975,37.44
2025-05-15 05:00:00,10.617499,77.349754,6.8175,7.5487366,1019.5,1018.5186,98.0,15.481048,359.3338,37.44
2025-05-15 06:00:00,11.3175,72.5802,6.5675,7.815365,1019.9,1018.9208,100.0,18.051228,9.180475,38.519997
2025-05-15 07:00:00,12.4175,66.35176,6.3175,8.954172,1020.3,1019.3242,61.0,17.38934,25.769283,42.12
2025-05-15 08:00:00,13.7675,59.099422,5.9175,10.822002,1020.7,1019.7284,6.0,13.217443,29.357658,38.16
2025-05-15 09:00:00,14.9675,55.257393,6.0675,12.626095,1020.9,1019.9323,1.0,11.511559,26.965645,31.319998
2025-05-15 10:00:00,16.1175,51.332752,6.0675,14.641739,1021.1,1020.13586,0.0,10.706595,16.607063,29.519999
2025-05-15 11:00:00,16.917501,48.11749,5.8675003,15.472012,1021.3,1020.3384,0.0,12.815443,10.520736,32.399998
2025-05-15 12:00:00,17.167501,46.388287,5.5675,15.154886,1021.6,1020.6387,2.0,16.68669,23.52323,40.32
2025-05-15 13:00:00,16.667501,40.622185,3.2175,13.513332,1021.9,1020.9368,0.0,19.353138,18.435053,47.16
2025-05-15 14:00:00,16.2175,37.575024,1.7175,12.439859,1022.1,1021.13525,0.0,20.54919,18.911173,47.88
2025-05-15 15:00:00,15.367499,42.00152,2.5175,11.350036,1022.3,1021.33215,0.0,20.161606,20.37652,47.88
2025-05-15 16:00:00,14.617499,47.811825,3.6675,10.248538,1022.7,1021.72925,0.0,19.75905,23.06155,46.44
2025-05-15 17:00:00,13.6675,51.92943,3.9675,9.336551,1022.8,1021.826,0.0,19.902824,24.015099,45.36
2025-05-15 18:00:00,12.5175,55.587105,3.8675,8.216338,1023.3,1022.3216,0.0,19.56377,25.621956,44.639996
2025-05-15 19:00:00,11.5675,60.222233,4.1175003,7.5745325,1023.7,1022.71783,0.0,17.790886,27.083479,42.48
2025-05-15 20:00:00,10.8175,67.16468,4.9675,7.2104473,1024.1,1023.11475,0.0,16.341383,26.847223,38.16
2025-05-15 21:00:00,10.3175,73.150795,5.7175,7.118244,1024.5,1023.5128,1.0,14.654254,27.824009,33.12
2025-05-15 22:00:00,9.9675,76.187706,5.9675,6.8946486,1024.6,1023.61145,1.0,14.168641,27.216026,29.88
2025-05-15 23:00:00,9.7175,77.47429,5.9675,6.8440123,1024.6,1023.6105,0.0,12.801531,27.645891,28.44
2025-05-16 00:00:00,9.4675,76.90044,5.6175003,6.8452682,1024.6,1023.60986,0.0,10.546525,27.439646,25.199999
2025-05-16 01:00:00,8.617499,79.20611,5.2175,6.225191,1024.2,1023.207,0.0,8.37532,8.652461,20.16
2025-05-16 02:00:00,8.5175,76.74655,4.6675,6.022212,1024.0,1023.00696,0.0,8.287822,357.5105,16.199999
2025-05-16 03:00:00,8.8175,72.62061,4.1675,6.116254,1023.8,1022.80835,0.0,9.0018,348.4654,17.28
2025-05-16 04:00:00,9.0175,75.76589,4.9675,6.4870768,1023.5,1022.5094,0.0,8.958504,337.5572,17.28
2025-05-16 05:00:00,9.9675,79.95179,6.6675,7.371828,1023.2,1022.2128,53.0,11.995349,334.204,23.039999
2025-05-16 06:00:00,11.1675,73.30504,6.5675,8.097688,1022.9,1021.9173,77.0,15.086748,340.48404,32.039997
2025-05-16 07:00:00,11.9175,68.09902,6.2175,8.961821,1022.8,1021.8199,79.0,13.752048,345.59995,33.12
2025-05-16 08:00:00,12.617499,66.39486,6.5175004,9.858967,1022.8,1021.82245,56.0,12.872201,339.53763,32.039997
2025-05-16 09:00:00,13.367499,63.87456,6.6675,10.539095,1022.8,1021.825,60.0,14.256409,335.37646,34.92
2025-05-16 10:00:00,13.9175,60.789204,6.4675,11.333468,1022.8,1021.8266,65.0,16.42346,332.5925,39.96
2025-05-16 11:00:00,13.7675,64.62496,7.2175,11.57486,1022.8,1021.82635,67.0,18.201372,331.66095,43.92
2025-05-16 12:00:00,13.4675,65.44871,7.1175003,10.908768,1022.7,1021.7255,62.0,17.534992,328.4311,43.92
2025-05-16 13:00:00,12.3175,69.3623,6.8675003,8.929892,1022.5,1021.52155,100.0,17.748037,323.24622,41.039997
2025-05-16 14:00:00,12.1675,69.80969,6.8175,8.438929,1022.1,1021.1215,100.0,20.00512,329.74365,46.079998
2025-05-16 15:00:00,12.2175,68.867645,6.6675,8.341532,1021.7,1020.7219,100.0,20.774214,332.1028,46.44
2025-05-16 16:00:00,12.4675,68.68257,6.8675003,8.6136465,1021.2,1020.2234,100.0,20.945072,335.63754,46.8
2025-05-16 17:00:00,12.6675,68.02067,6.9175,9.0718355,1020.7,1019.7245,100.0,19.255793,339.1931,46.44
2025-05-16 18:00:00,12.867499,68.99954,7.3175,9.593811,1020.4,1019.4254,100.0,17.706913,342.85437,42.48
2025-05-16 19:00:00,12.6675,71.84313,7.7175,10.0289,1020.3,1019.3248,6.0,14.027302,351.14212,38.519997
2025-05-16 20:00:00,11.7675,74.17008,7.3175,9.129748,1020.5,1019.5217,56.0,13.346729,10.097442,30.599998
2025-05-16 21:00:00,11.7675,75.44691,7.5675,9.105278,1020.6,1019.62164,7.0,13.934604,5.9314365,28.44
2025-05-16 22:00:00,11.117499,83.72924,8.4675,8.665565,1020.6,1019.61945,3.0,14.05845,2.93562,28.08
2025-05-16 23:00:00,10.867499,87.16922,8.8175,8.679265,1020.5,1019.5186,0.0,12.882267,7.2242274,27.72
2025-05-17 00:00:00,10.6675,88.03842,8.7675,8.540447,1020.4,1019.4181,0.0,12.371645,8.365798,25.199999
2025-05-17 01:00:00,9.9675,90.70209,8.5175,7.8042574,1020.6,1019.6153,3.0,12.168319,7.6505675,24.84
2025-05-17 02:00:00,9.867499,91.931274,8.617499,7.8344774,1020.5,1019.5151,0.0,11.45513,8.130019,23.4
2025-05-17 03:00:00,9.7675,93.1771,8.7175,7.7462673,1020.4,1019.415,0.0,11.555103,4.467085,21.96
2025-05-17 04:00:00,9.7675,93.8087,8.8175,7.6960354,1020.4,1019.415,0.0,12.081472,3.4165199,23.039999
2025-05-17 05:00:00,10.367499,91.03667,8.9675,8.312252,1020.4,1019.41675,0.0,12.245294,1.6846573,23.4
2025-05-17 06:00:00,11.7175,83.51762,9.0175,9.650189,1020.5,1019.5215,2.0,12.42,360.0,27.359999
2025-05-17 07:00:00,12.8175,77.95555,9.0675,10.710906,1020.6,1019.6252,9.0,12.781267,359.19308,29.88
2025-05-17 08:00:00,13.9675,71.35983,8.867499,11.828821,1020.7,1019.729,4.0,12.632101,355.91446,31.319998
2025-05-17 09:00:00,14.867499,63.3454,7.9675,12.839836,1020.5,1019.5323,0.0,13.202726,348.9965,32.760002
2025-05-17 10:00:00,15.4675,57.91108,7.2175,13.7514515,1020.5,1019.53424,0.0,14.059602,341.333,35.28
2025-05-17 11:00:00,15.6675,59.158985,7.7175,14.206566,1020.4,1019.435,0.0,15.618566,332.54907,38.16
2025-05-17 12:00:00,15.1675,62.55844,8.0675,13.592913,1020.3,1019.33344,0.0,17.681278,324.53006,42.839996
2025-05-17 13:00:00,13.7175,71.07165,8.5675,11.940197,1020.4,1019.4283,17.0,18.75631,322.8001,45.36
2025-05-17 14:00:00,13.2175,73.42324,8.5675,11.07921,1020.2,1019.2269,29.0,19.06046,320.7487,45.36
2025-05-17 15:00:00,12.8175,74.35345,8.367499,10.078972,1019.8,1018.8259,31.0,18.975277,316.92194,45.36
2025-05-17 16:00:00,12.6675,71.59879,7.6675,9.219223,1019.4,1018.4257,49.0,19.494091,317.6196,44.639996
2025-05-17 17:00:00,12.1675,75.00221,7.8675003,8.807795,1019.0,1018.02454,73.0,19.229696,316.89648,44.639996
2025-05-17 18:00:00,11.9675,78.88753,8.4175,8.749362,1018.4,1017.4245,100.0,19.222954,316.1381,43.199997
2025-05-17 19:00:00,12.0675,81.06439,8.9175,9.238321,1018.2,1017.2249,100.0,17.46,317.92505,41.760002
2025-05-17 20:00:00,11.7675,82.9623,8.9675,9.342934,1018.3,1017.32385,100.0,14.77755,325.92276,37.079998
2025-05-17 21:00:00,11.5675,83.782036,8.9175,9.099532,1018.2,1017.22314,100.0,14.98331,331.27975,33.12
2025-05-17 22:00:00,11.4675,82.92556,8.6675,8.922415,1017.9,1016.92303,100.0,15.056652,332.20963,33.12
2025-05-17 23:00:00,11.1675,83.16999,8.4175,8.663105,1017.8,1016.82214,100.0,14.328949,333.11313,32.760002
2025-05-18 00:00:00,11.2675,81.784904,8.2675,8.886935,1017.6,1016.6227,80.0,13.213764,335.87903,32.039997
2025-05-18 01:00:00,11.1675,82.60824,8.3175,8.941646,1017.8,1016.82214,97.0,12.241323,340.23273,32.399998
2025-05-18 02:00:00,11.117499,84.29793,8.5675,9.130135,1017.6,1016.6223,14.0,11.052058,353.4538,25.919998
2025-05-18 03:00:00,10.2175,88.897354,8.4675,8.351397,1017.3,1016.31946,21.0,10.041354,345.4655,23.039999
2025-05-18 04:00:00,10.0675,87.68682,8.117499,8.089414,1017.4,1016.4187,6.0,10.1902895,342.52515,19.8
2025-05-18 05:00:00,10.7175,85.40296,8.367499,8.786408,1017.5,1016.5209,31.0,10.308831,347.90527,20.16
2025-05-18 06:00:00,11.9675,80.50526,8.7175,10.100732,1017.7,1016.72516,30.0,10.495713,354.09393,23.4
2025-05-18 07:00:00,13.2675,75.44275,9.0175,11.366749,1017.7,1016.7297,90.0,11.276968,8.2593565,26.64
2025-05-18 08:00:00,14.5175,66.80063,8.4175,12.7567425,1017.9,1016.9336,74.0,9.227524,20.556128,26.64
2025-05-18 09:00:00,15.117499,60.0419,7.4175,13.226505,1018.0,1017.0354,97.0,8.39078,22.714453,23.039999
2025-05-18 10:00:00,15.8175,54.72044,6.7175,13.9508915,1018.1,1017.13745,61.0,7.072878,14.743609,21.599998
2025-05-18 11:00:00,16.567501,50.75033,6.3175,14.781733,1017.9,1016.94025,43.0,7.7420926,1.3321922,21.96
2025-05-18 12:00:00,17.167501,48.020645,6.0675,15.722816,1017.9,1016.9422,100.0,8.865799,354.17374,24.84
2025-05-18 13:00:00,15.867499,61.044563,8.367499,14.352512,1018.1,1017.1378,45.0,11.5887,316.88815,30.239998
2025-05-18 14:00:00,15.5675,63.50409,8.6675,13.220257,1018.2,1017.2368,37.0,14.941085,328.79953,36.36
2025-05-18 15:00:00,15.8175,60.210087,8.117499,13.045567,1018.1,1017.13745,49.0,15.629971,345.32355,37.079998
2025-05-18 16:00:00,15.367499,64.106346,8.617499,12.857647,1018.2,1017.2361,47.0,14.721535,348.0031,37.079998
2025-05-18 17:00:00,15.1675,66.7127,9.0175,13.042641,1018.1,1017.13556,26.0,12.81165,355.9718,33.839996
2025-05-18 18:00:00,14.5675,67.037766,8.5175,12.370268,1018.4,1017.4331,40.0,12.399113,9.188767,29.519999
2025-05-18 19:00:00,13.367499,72.70874,8.5675,11.419138,1019.0,1018.0286,92.0,10.783487,14.500209,27.72
2025-05-18 20:00:00,12.1675,78.384865,8.5175,10.383796,1019.5,1018.52405,100.0,9.565437,19.798973,21.96
2025-05-18 21:00:00,11.4175,83.200264,8.6675,9.764898,1019.7,1018.7213,98.0,8.936777,18.79999,18.72
2025-05-18 22:00:00,10.8175,87.45935,8.8175,9.245198,1019.8,1018.8189,95.0,8.65873,20.695532,17.64
2025-05-18 23:00:00,10.367499,89.81587,8.7675,8.856126,1020.0,1019.01715,16.0,8.149847,30.529623,16.919998
2025-05-19 00:00:00,9.867499,90.69507,8.4175,8.564498,1020.2,1019.2154,1.0,6.090812,34.159744,15.84
2025-05-19 01:00:00,9.117499,91.88509,7.8675003,7.5866385,1020.1,1019.1129,0.0,6.689125,23.805958,15.119999
2025-05-19 02:00:00,8.9175,93.13252,7.8675003,7.2555676,1020.3,1019.3121,1.0,7.587806,22.306253,14.759999
2025-05-19 03:00:00,8.7675,94.080505,7.8675003,7.15394,1020.4,1019.41144,18.0,7.256032,23.385246,14.759999
2025-05-19 04:00:00,8.617499,95.0393,7.8675003,6.9468603,1020.6,1019.6105,31.0,7.6473517,26.564985,14.4
2025-05-19 05:00:00,9.117499,95.05848,8.367499,7.566187,1020.8,1019.8122,43.0,7.7043357,37.405437,15.4800005
2025-05-19 06:00:00,10.3175,94.150696,9.4175,9.278746,1021.1,1020.116,11.0,6.114703,42.614033,16.199999
2025-05-19 07:00:00,12.5175,84.739204,10.0175,11.781645,1021.2,1020.22363,0.0,5.1919937,56.309914,15.84
2025-05-19 08:00:00,14.5175,69.56509,9.0175,13.5182,1021.4,1020.4303,0.0,5.09435,57.99466,17.28
2025-05-19 09:00:00,15.9175,61.056366,8.4175,15.349186,1021.6,1020.63477,0.0,5.004518,52.3057,18.0
2025-05-19 10:00:00,16.8675,56.125576,8.0675,17.029854,1021.6,1020.6377,0.0,4.278551,22.249071,18.0
2025-05-19 11:00:00,17.817501,49.03398,6.9675,17.983587,1021.3,1020.3411,0.0,5.3305535,11.689341,19.44
2025-05-19 12:00:00,18.7175,44.013596,6.2175,18.538343,1020.9,1019.94446,1.0,7.256032,46.005,22.68
2025-05-19 13:00:00,19.2175,42.661583,6.2175,17.803368,1020.5,1019.54675,54.0,12.535549,57.90745,31.68
2025-05-19 14:00:00,18.667501,48.104584,7.4675,16.17699,1020.2,1019.2451,5.0,15.413928,42.633728,37.079998
2025-05-19 15:00:00,18.8675,46.54298,7.1675,16.723667,1020.0,1019.0459,13.0,14.081477,32.471172,37.44
2025-05-19 16:00:00,18.4675,50.056686,7.8675003,15.914398,1019.9,1018.9448,7.0,13.690653,28.249653,33.839996
2025-05-19 17:00:00,17.7675,54.11297,8.367499,15.307777,1019.7,1018.7427,1.0,13.926464,26.896168,32.760002
2025-05-19 18:00:00,16.6175,58.393436,8.4175,14.368248,1019.7,1018.7389,1.0,12.57426,23.629398,31.68
2025-05-19 19:00:00,15.3175,63.23292,8.367499,13.251469,1020.1,1019.13403,2.0,11.230904,21.630953,27.359999
2025-05-19 20:00:00,13.9675,69.927574,8.5675,11.971579,1020.4,1019.42926,4.0,11.1090765,26.980152,22.68
2025-05-19 21:00:00,13.0675,76.69189,9.0675,11.213056,1020.5,1019.526,3.0,11.052058,30.32353,21.599998
2025-05-19 22:00:00,12.4175,77.89427,8.6675,10.478964,1020.4,1019.4242,1.0,10.897063,30.801384,21.599998
2025-05-19 23:00:00,11.9175,73.44012,7.3175,9.708851,1020.4,1019.42224,0.0,10.404249,30.113651,21.24
2025-05-20 00:00:00,11.4175,72.848404,6.7175,9.024565,1020.2,1019.2208,0.0,10.685391,32.61924,20.519999
2025-05-20 01:00:00,10.4175,81.11778,7.3175,8.233844,1020.2,1019.21735,0.0,10.233123,39.289394,20.880001
2025-05-20 02:00:00,9.9675,85.613914,7.6675,8.025247,1020.0,1019.0159,0.0,9.167638,43.408916,19.8
2025-05-20 03:00:00,9.4675,89.137955,7.7675004,7.8741674,1019.6,1018.6147,0.0,6.945761,31.218353,18.0
2025-05-20 04:00:00,9.2675,90.3447,7.7675004,7.749033,1019.6,1018.6137,0.0,6.4323244,17.92802,13.679999
2025-05-20 05:00:00,10.3175,89.20687,8.617499,8.783147,1019.6,1018.6175,0.0,8.035746,15.5928755,15.119999
2025-05-20 06:00:00,12.0175,86.40523,9.8175,11.01044,1019.8,1018.8231,0.0,6.6624317,1.5481218,15.84
2025-05-20 07:00:00,13.7175,78.35421,10.0175,12.810589,1019.8,1018.82886,0.0,6.3639607,351.87,18.0
2025-05-20 08:00:00,15.1675,67.39041,9.1675,13.78944,1019.8,1018.8339,0.0,7.968939,341.56494,21.96
2025-05-20 09:00:00,16.2175,60.51021,8.5675,15.036043,1019.6,1018.63763,0.0,9.526405,337.79648,25.56
2025-05-20 10:00:00,16.9675,56.91784,8.367499,16.168655,1019.7,1018.73987,6.0,10.805998,330.01843,28.8
2025-05-20 11:00:00,17.2675,56.036858,8.4175,16.565739,1019.4,1018.4414,93.0,12.638512,324.27252,32.760002
2025-05-20 12:00:00,17.167501,57.548794,8.7175,16.34481,1019.3,1018.3408,100.0,14.31198,320.1022,35.64
2025-05-20 13:00:00,16.4675,63.706806,9.5675,15.531403,1019.3,1018.33856,96.0,14.918297,318.42398,37.44
2025-05-20 14:00:00,15.9175,68.68508,10.1675,14.758621,1019.2,1018.23706,10.0,14.7039175,320.46387,37.079998
2025-05-20 15:00:00,15.5675,70.47509,10.2175,14.125975,1019.1,1018.1359,0.0,15.12964,325.17545,37.079998
2025-05-20 16:00:00,15.2675,67.18478,9.2175,12.92808,1018.8,1017.83527,0.0,14.654254,332.176,36.719997
2025-05-20 17:00:00,14.7675,67.53456,8.8175,12.532152,1018.5,1017.5336,0.0,13.202726,334.1337,34.92
2025-05-20 18:00:00,13.8175,73.53013,9.1675,11.898588,1018.4,1017.4306,0.0,11.679212,331.4601,30.599998
2025-05-20 19:00:00,12.7175,83.35642,9.9675,11.129961,1018.3,1017.32715,0.0,10.934166,327.09476,26.64
2025-05-20 20:00:00,11.9175,88.73999,10.117499,10.511408,1018.3,1017.3242,0.0,9.984729,326.0234,23.4
2025-05-20 21:00:00,11.4675,92.64493,10.3175,10.3082695,1018.2,1017.2228,0.0,8.688613,320.0425,20.16
2025-05-20 22:00:00,11.2675,92.633766,10.117499,10.10748,1017.8,1016.8225,15.0,8.297589,310.60123,17.28
2025-05-20 23:00:00,11.1675,92.0104,9.9175,9.893587,1017.5,1016.52246,5.0,8.6867485,304.01938,17.28
2025-05-21 00:00:00,11.0675,92.31301,9.867499,9.801356,1017.1,1016.12244,3.0,8.536252,294.94388,17.64
2025-05-21 01:00:00,10.2675,92.577576,9.117499,8.898791,1016.8,1015.81995,33.0,7.8149853,284.67642,16.199999
2025-05-21 02:00:00,10.4175,91.04005,9.0175,8.832274,1016.2,1015.2212,100.0,9.114471,279.09018,17.64
2025-05-21 03:00:00,10.7675,89.846344,9.1675,9.00485,1015.7,1014.72284,100.0,10.609316,284.74362,20.16
2025-05-21 04:00:00,11.0675,86.60203,8.9175,8.916433,1015.6,1014.6239,100.0,12.810386,289.70807,24.48
2025-05-21 05:00:00,11.617499,82.3855,8.7175,9.326676,1015.4,1014.4261,100.0,13.403656,292.08722,26.64
2025-05-21 06:00:00,12.367499,78.68035,8.7675,10.259381,1015.4,1014.4286,100.0,12.241323,287.1028,27.72
2025-05-21 07:00:00,13.117499,73.15719,8.4175,10.868866,1015.2,1014.2313,77.0,12.57426,283.24054,29.16
2025-05-21 08:00:00,13.7175,70.83156,8.5175,11.494854,1015.1,1014.1333,17.0,12.57426,283.24054,30.960001
2025-05-21 09:00:00,14.117499,69.48568,8.617499,12.302841,1014.9,1013.9351,90.0,13.229694,284.9817,33.12
2025-05-21 10:00:00,14.1675,70.67907,8.9175,12.887487,1015.0,1014.035,100.0,14.0734215,290.98495,35.64
2025-05-21 11:00:00,14.0175,72.338196,9.117499,12.5504265,1014.9,1013.9349,100.0,14.731437,296.87805,36.719997
2025-05-21 12:00:00,13.9175,71.10981,8.7675,11.901228,1014.8,1013.8342,100.0,15.561414,299.827,38.16
2025-05-21 13:00:00,12.9675,69.01976,7.4175,9.942917,1015.2,1014.2307,100.0,16.165964,307.76312,38.88
2025-05-21 14:00:00,13.117499,63.81792,6.4175,9.727407,1015.0,1014.0315,100.0,17.220835,318.81415,40.68
2025-05-21 15:00:00,12.8175,63.749798,6.1175003,9.082843,1014.9,1013.93066,99.0,18.937675,323.89246,43.92
2025-05-21 16:00:00,12.4675,64.556656,5.9675,8.569534,1014.6,1013.6297,46.0,19.826164,330.64233,45.719997
2025-05-21 17:00:00,12.5175,62.15624,5.4675,8.518621,1014.2,1013.23035,46.0,19.761507,339.74927,45.36
2025-05-21 18:00:00,12.2675,60.81462,4.9175,8.12967,1013.9,1012.9298,98.0,19.90852,345.33548,44.639996
2025-05-21 19:00:00,12.117499,60.566875,4.7175,8.264729,1014.2,1013.22876,99.0,17.66753,351.20953,44.28
2025-05-21 20:00:00,12.0175,62.472095,5.0675,8.939126,1014.6,1013.6281,7.0,12.860871,353.57135,41.760002
2025-05-21 21:00:00,11.4175,65.44936,5.1675,8.345234,1014.8,1013.826,34.0,12.964998,358.40887,26.64
2025-05-21 22:00:00,10.9175,69.07925,5.4675,7.9076576,1014.8,1013.82404,6.0,12.979984,356.82022,26.64
2025-05-21 23:00:00,10.5175,71.93227,5.6675,7.65757,1014.8,1013.8229,8.0,12.2519045,349.8458,26.28
2025-05-22 00:00:00,10.4175,72.916336,5.7675004,7.530937,1014.7,1013.7226,71.0,12.585848,343.37915,24.48
2025-05-22 01:00:00,10.117499,75.68819,6.0175004,6.9726753,1014.7,1013.7217,74.0,14.73913,331.55716,28.8
2025-05-22 02:00:00,10.5175,72.93468,5.8675003,7.231535,1014.4,1013.4233,99.0,15.476859,326.86438,30.960001
2025-05-22 03:00:00,10.5175,75.235344,6.3175,7.1716194,1014.3,1013.32336,99.0,16.584438,334.26935,34.92
2025-05-22 04:00:00,9.7675,81.30863,6.7175,6.388363,1014.4,1013.4207,53.0,17.447933,338.19852,35.28
2025-05-22 05:00:00,9.867499,75.384834,5.7175,6.4878693,1014.7,1013.7207,46.0,15.891054,350.21765,35.28
2025-05-22 06:00:00,10.2675,61.18962,3.1175,5.743517,1015.1,1014.1216,30.0,20.102865,343.34982,45.0
2025-05-22 07:00:00,10.6675,52.788906,1.4175,5.9415207,1015.5,1014.5228,31.0,19.41081,335.3362,45.719997
2025-05-22 08:00:00,11.617499,47.474915,0.8175,6.3353405,1015.6,1014.6258,100.0,22.543158,332.412,50.039997
2025-05-22 09:00:00,11.7675,47.007126,0.8175,6.597931,1015.8,1014.82623,88.0,21.771072,327.4925,50.399998
2025-05-22 10:00:00,11.1675,58.04239,3.2175,6.273947,1016.3,1015.3236,31.0,22.766264,326.93814,52.199997
2025-05-22 11:00:00,11.7675,56.577457,3.4175,7.5192585,1016.4,1015.4257,25.0,24.482647,323.97253,55.44
2025-05-22 12:00:00,11.7675,57.38044,3.6175,7.7072268,1016.6,1015.6255,41.0,24.037918,320.46912,55.44
2025-05-22 13:00:00,11.9175,56.416935,3.5175,8.0923195,1017.0,1016.02545,38.0,22.589102,319.2007,52.92
2025-05-22 14:00:00,11.7675,57.38044,3.6175,7.294922,1017.2,1016.2249,32.0,23.000591,320.07965,51.839996
2025-05-22 15:00:00,11.617499,57.54471,3.5175,6.845276,1017.4,1016.42413,25.0,23.487068,319.35117,52.92
2025-05-22 16:00:00,11.4175,57.697105,3.3675,6.521343,1017.6,1016.6233,20.0,22.979452,319.44745,52.92
2025-05-22 17:00:00,10.9175,59.431385,3.3174999,6.0658236,1017.4,1016.42163,26.0,22.609177,319.84406,51.12
2025-05-22 18:00:00,10.4175,62.31494,3.5175,5.7446203,1017.4,1016.42004,21.0,21.6457,321.41458,49.32
2025-05-22 19:00:00,9.9675,64.44314,3.5674999,5.5366726,1017.6,1016.6182,50.0,20.05203,323.02713,46.8
2025-05-22 20:00:00,9.6675,68.10353,4.0675,5.854349,1017.8,1016.8171,18.0,16.489416,323.88055,41.399998
2025-05-22 21:00:00,9.2175,71.43496,4.3175,5.476145,1017.8,1016.8155,31.0,16.341381,319.46722,35.28
2025-05-22 22:00:00,9.4175,69.25635,4.0675,5.6087875,1017.4,1016.4165,20.0,16.458931,311.009,34.56
2025-05-22 23:00:00,9.2675,68.98303,3.8675,5.268305,1017.1,1016.11615,40.0,17.49337,310.40936,35.28
2025-05-23 00:00:00,9.1675,70.678444,4.1175003,5.113096,1016.8,1015.8161,18.0,18.212051,312.99747,39.239998
2025-05-23 01:00:00,8.867499,70.371605,3.7675,4.5781755,1016.8,1015.8151,33.0,19.348114,314.24625,38.88
2025-05-23 02:00:00,8.7675,71.59925,3.9175,4.340788,1016.5,1015.5152,66.0,20.492352,315.35583,40.68
2025-05-23 03:00:00,8.7175,71.088196,3.7675,4.0563173,1016.3,1015.315,42.0,21.897945,316.33215,42.48
2025-05-23 04:00:00,8.6675,76.23729,4.7175,4.435212,1016.4,1015.4149,29.0,20.269789,311.7602,43.199997
2025-05-23 05:00:00,9.0675,71.90815,4.2675004,4.4504013,1016.6,1015.616,61.0,22.277134,314.01797,43.92
2025-05-23 06:00:00,9.3175,68.99329,3.9175,4.5008764,1016.7,1015.7168,36.0,23.166216,315.62952,49.68
2025-05-23 07:00:00,10.1675,66.55797,4.2175,5.573616,1016.6,1015.6198,53.0,22.049082,317.9781,50.039997
2025-05-23 08:00:00,10.5175,61.683224,3.4675,5.7740355,1016.8,1015.8209,61.0,22.06377,318.63828,49.32
2025-05-23 09:00:00,10.7175,65.522964,4.5175004,6.095869,1017.0,1016.02136,63.0,22.657131,314.35632,50.76
2025-05-23 10:00:00,10.9175,66.02611,4.8175,6.3776703,1017.3,1016.32166,80.0,23.040703,306.42236,51.839996
2025-05-23 11:00:00,10.867499,68.8298,5.3675003,6.5712147,1017.5,1016.5215,86.0,24.512405,303.9235,54.719997
2025-05-23 12:00:00,10.9675,69.56992,5.6175003,6.541209,1017.8,1016.82153,83.0,22.917328,302.8163,55.079998
2025-05-23 13:00:00,11.0675,64.46592,4.6175003,6.3446903,1017.9,1016.92175,100.0,23.491896,300.8884,54.0
2025-05-23 14:00:00,10.867499,65.09986,4.5675,6.071021,1018.0,1017.021,98.0,23.926462,301.7769,53.28
2025-05-23 15:00:00,10.8175,66.46628,4.8175,6.314624,1018.1,1017.12054,63.0,22.268406,302.79086,52.92
2025-05-23 16:00:00,11.2675,63.8394,4.6675,7.0366993,1018.0,1017.02234,51.0,20.188908,301.13892,48.96
2025-05-23 17:00:00,11.5675,61.07208,4.3175,7.6846323,1017.7,1016.7236,22.0,17.311846,297.8972,45.0
2025-05-23 18:00:00,11.2675,60.999977,4.0175004,8.106893,1017.6,1016.6227,0.0,11.9466305,300.81564,38.16
2025-05-23 19:00:00,10.6675,65.28322,4.4175,7.433049,1017.8,1016.82056,25.0,13.004921,274.76355,26.28
2025-05-23 20:00:00,10.367499,68.01198,4.7175,7.276992,1018.0,1017.01904,25.0,12.440851,266.68228,26.64
2025-05-23 21:00:00,10.1675,71.8661,5.3175,7.4289684,1017.7,1016.71875,88.0,10.897063,247.6713,24.48
2025-05-23 22:00:00,9.9175,75.654564,5.8175,7.5957623,1017.3,1016.31854,98.0,8.78872,214.9921,21.24
2025-05-23 23:00:00,9.4675,80.43309,6.2675004,7.0354786,1016.5,1015.5177,99.0,10.239453,190.1246,19.08
2025-05-24 00:00:00,9.7675,79.10214,6.3175,6.745098,1015.9,1014.9193,66.0,14.36621,195.25517,27.0
2025-05-24 01:00:00,9.8175,73.82465,5.3675003,6.1042576,1015.3,1014.3198,92.0,17.654688,200.28264,35.64
2025-05-24 02:00:00,10.117499,69.8841,4.8675003,6.4403515,1014.7,1013.7217,100.0,16.67795,198.23949,34.56
2025-05-24 03:00:00,10.6675,67.3671,4.8675003,6.9483643,1013.7,1012.72455,100.0,16.965895,197.28159,32.760002
2025-05-24 04:00:00,10.6675,69.509575,5.3175,6.8694773,1013.2,1012.22504,100.0,18.162169,199.69211,35.64
2025-05-24 05:00:00,11.4175,72.34966,6.6175003,7.680932,1012.7,1011.728,100.0,19.73854,204.22774,38.88
2025-05-24 06:00:00,12.617499,79.78531,9.2175,9.275192,1012.3,1011.3325,100.0,21.533897,218.21107,43.56
2025-05-24 07:00:00,13.367499,85.11484,10.9175,10.491862,1012.0,1011.03534,100.0,21.67487,228.36655,45.719997
2025-05-24 08:00:00,13.367499,86.538506,11.1675,10.426352,1012.2,1011.23517,100.0,22.644258,233.40327,46.44
2025-05-24 09:00:00,13.2675,86.528694,11.0675,10.976723,1012.2,1011.2349,100.0,17.975681,214.80408,47.16
2025-05-24 10:00:00,12.9175,83.65921,10.2175,10.768864,1011.8,1010.8339,100.0,15.273505,188.13002,36.36
2025-05-24 11:00:00,12.5175,86.16677,10.2675,9.861401,1011.3,1010.33307,100.0,18.852798,190.45158,36.36
2025-05-24 12:00:00,11.8175,94.21744,10.9175,9.237358,1010.8,1009.83105,100.0,19.649702,183.15065,37.079998
2025-05-24 13:00:00,12.867499,91.80839,11.5675,10.250908,1010.9,1009.93445,100.0,21.26744,182.91078,38.16
2025-05-24 14:00:00,13.367499,93.05506,12.2675,10.855669,1010.6,1009.63666,100.0,22.081385,209.28133,42.839996
2025-05-24 15:00:00,13.9175,94.30899,13.0175,12.294876,1010.2,1009.2386,100.0,17.69593,223.76367,41.399998
2025-05-24 16:00:00,14.5175,93.41853,13.4675,13.28911,1010.1,1009.1409,100.0,16.055355,227.72636,38.519997
2025-05-24 17:00:00,14.9175,92.23234,13.6675,13.831278,1009.8,1008.84247,100.0,15.561413,228.75183,36.36
2025-05-24 18:00:00,14.5675,92.814766,13.4175,13.005592,1009.5,1008.54156,99.0,18.222721,227.80252,34.2
2025-05-24 19:00:00,14.2675,94.63176,13.4175,12.188625,1009.4,1008.44073,99.0,21.768093,223.99501,41.399998
2025-05-24 20:00:00,14.0175,95.24083,13.2675,11.71496,1009.3,1008.34015,98.0,22.945587,221.82008,43.92
2025-05-24 21:00:00,13.9175,94.92691,13.117499,11.4382,1009.2,1008.23956,90.0,23.804276,224.081,46.079998
2025-05-24 22:00:00,14.117499,92.487686,12.9175,11.630176,1008.9,1007.9408,100.0,23.392384,230.30737,45.719997
2025-05-24 23:00:00,14.3175,93.10452,13.2175,11.768398,1008.8,1007.8415,100.0,24.51769,232.45699,47.519997
2025-05-25 00:00:00,14.117499,93.70412,13.117499,11.661261,1008.6,1007.64105,100.0,23.64586,230.25032,48.6
2025-05-25 01:00:00,14.0675,94.315445,13.1675,11.808033,1008.3,1007.3411,100.0,22.414154,223.0475,45.719997
2025-05-25 02:00:00,13.7675,96.4833,13.2175,11.284742,1007.7,1006.7407,100.0,24.063513,218.92755,45.0
2025-05-25 03:00:00,13.9175,94.92691,13.117499,11.028116,1007.2,1006.24146,100.0,26.616274,223.08173,49.68
2025-05-25 04:00:00,13.7175,96.1676,13.117499,10.370497,1006.8,1005.84125,100.0,29.754496,229.66194,56.16
2025-05-25 05:00:00,13.5675,95.849396,12.9175,10.231962,1006.6,1005.64105,100.0,29.209402,228.74774,56.16
2025-05-25 06:00:00,13.867499,93.38625,12.8175,10.504002,1006.2,1005.24243,94.0,29.169441,227.25066,55.079998
2025-05-25 07:00:00,14.367499,91.6002,13.0175,10.971897,1006.1,1005.14404,100.0,29.852877,228.91167,58.679996
2025-05-25 08:00:00,14.367499,90.11479,12.7675,11.066908,1006.3,1005.3439,100.0,28.622265,232.40936,61.56
2025-05-25 09:00:00,14.5675,89.54199,12.867499,11.171741,1006.3,1005.34454,15.0,29.505177,236.6977,61.56
2025-05-25 10:00:00,15.7675,82.62703,12.8175,12.922371,1006.5,1005.54846,44.0,29.364285,237.77127,65.88
2025-05-25 11:00:00,16.067501,80.26652,12.6675,13.376041,1007.1,1006.1488,46.0,29.337238,240.60403,64.799995
2025-05-25 12:00:00,16.167501,80.01784,12.7175,13.472927,1007.1,1006.14905,14.0,28.533264,240.5242,64.079994
2025-05-25 13:00:00,16.4675,78.247,12.6675,13.663927,1007.8,1006.84937,31.0,27.690178,239.10019,63.36
2025-05-25 14:00:00,14.8175,86.11308,12.5175,12.282045,1008.4,1007.4436,93.0,26.24854,260.92532,62.279995
2025-05-25 15:00:00,14.9675,81.986755,11.9175,12.86351,1008.9,1007.9437,66.0,18.508516,262.73685,56.519997
2025-05-25 16:00:00,15.7175,77.365845,11.7675,14.049822,1009.4,1008.4454,33.0,15.188415,264.55975,42.12
2025-05-25 17:00:00,15.3175,79.37436,11.7675,14.129818,1009.5,1008.54407,65.0,11.897714,259.54013,34.2
2025-05-25 18:00:00,14.5175,84.95762,12.0175,13.569569,1010.2,1009.2409,43.0,10.801499,269.04517,26.64
2025-05-25 19:00:00,13.1675,90.02647,11.5675,12.697939,1010.7,1009.73596,19.0,6.544677,301.5042,26.28
2025-05-25 20:00:00,12.4175,91.173805,11.0175,12.046074,1011.2,1010.233,100.0,4.7110505,223.45189,10.440001
2025-05-25 21:00:00,13.4675,87.70153,11.4675,13.084007,1011.6,1010.63605,98.0,5.7402787,228.81418,12.959999
2025-05-25 22:00:00,13.3175,88.56268,11.4675,12.795654,1011.6,1010.63544,46.0,6.689125,203.80595,12.24
2025-05-25 23:00:00,12.617499,89.39016,10.9175,11.434278,1011.7,1010.7331,81.0,10.070353,204.27443,18.72
2025-05-26 00:00:00,12.7175,87.34263,10.6675,11.099625,1011.7,1010.73346,60.0,12.538134,219.17365,23.4
2025-05-26 01:00:00,13.3175,85.10945,10.867499,11.460041,1011.9,1010.9352,100.0,14.589996,231.009,27.359999
2025-05-26 02:00:00,12.867499,83.65334,10.1675,10.325262,1012.3,1011.33307,68.0,17.873556,242.40279,34.56
2025-05-26 03:00:00,12.617499,84.18544,10.0175,10.381147,1012.5,1011.5323,49.0,15.481048,270.66617,34.56
2025-05-26 04:00:00,12.367499,86.15163,10.117499,10.520201,1012.9,1011.93097,43.0,13.009903,255.5792,29.519999
2025-05-26 05:00:00,12.5675,84.461815,10.0175,10.30566,1013.5,1012.531,70.0,15.655861,250.52333,30.239998
2025-05-26 06:00:00,12.8175,77.95555,9.0675,9.957069,1014.0,1013.0315,59.0,17.950432,254.29129,38.16
2025-05-26 07:00:00,13.0675,73.396416,8.4175,9.785114,1014.6,1013.6316,58.0,19.662888,258.3815,42.12
2025-05-26 08:00:00,13.2675,70.98553,8.117499,9.680853,1015.0,1014.0322,42.0,21.219397,259.73868,47.16
2025-05-26 09:00:00,13.4175,66.79433,7.3675003,9.592022,1015.4,1014.4321,54.0,21.573734,257.4712,48.96
2025-05-26 10:00:00,13.5675,70.56313,8.3175,10.310487,1015.8,1014.8323,56.0,22.575474,254.74483,51.48
2025-05-26 11:00:00,14.0175,68.53093,8.3175,11.110825,1016.1,1015.13367,23.0,22.768398,251.56496,51.839996
2025-05-26 12:00:00,14.4175,69.077385,8.8175,12.210939,1016.0,1015.03503,16.0,21.493237,243.6496,51.12
2025-05-26 13:00:00,15.0675,64.91275,8.5175,12.264317,1016.4,1015.43695,100.0,23.71769,237.39542,54.36
2025-05-26 14:00:00,15.1675,62.77125,8.117499,11.718921,1016.3,1015.3373,58.0,25.211567,236.65028,55.079998
2025-05-26 15:00:00,15.3175,61.121983,7.8675003,11.304706,1016.3,1015.33765,88.0,25.614449,235.30478,56.16
2025-05-26 16:00:00,15.117499,70.62443,9.8175,11.420706,1016.1,1015.1372,98.0,25.103384,231.40433,57.6
2025-05-26 17:00:00,14.8175,71.52009,9.7175,11.317181,1015.6,1014.6367,99.0,23.563505,227.16693,53.28
2025-05-26 18:00:00,14.3175,75.870705,10.117499,11.19054,1015.4,1014.43524,100.0,21.782972,222.65584,50.039997
2025-05-26 19:00:00,13.867499,79.430176,10.367499,10.51029,1015.2,1014.2338,100.0,23.858658,221.02316,48.96
2025-05-26 20:00:00,13.867499,80.496124,10.5675,10.492179,1015.1,1014.1339,100.0,24.385183,220.50946,50.039997
2025-05-26 21:00:00,13.9175,77.08503,9.9675,10.041412,1014.8,1013.8342,100.0,26.626009,222.5342,53.639996
2025-05-26 22:00:00,13.617499,77.81631,9.8175,9.458536,1014.6,1013.6334,100.0,28.274326,222.93617,57.239998
2025-05-26 23:00:00,13.3175,81.50291,10.2175,9.210501,1013.8,1012.8334,100.0,28.701956,218.37926,57.239998
2025-05-27 00:00:00,13.0175,83.95051,10.367499,8.787516,1013.2,1012.233,100.0,29.844194,216.66264,59.399998
2025-05-27 01:00:00,13.2175,82.31044,10.2675,8.7428875,1012.9,1011.9339,100.0,31.32207,217.5285,63.0
2025-05-27 02:00:00,13.2675,80.1451,9.9175,8.731222,1012.2,1011.2349,100.0,31.056128,214.6112,65.520004
2025-05-27 03:00:00,13.1675,80.6696,9.9175,8.5216465,1011.8,1010.8349,100.0,31.807583,212.52092,64.799995
2025-05-27 04:00:00,13.1675,83.13229,10.367499,8.812632,1011.4,1010.4353,100.0,30.70042,209.11977,63.72
2025-05-27 05:00:00,13.3175,85.10945,10.867499,9.037102,1011.3,1010.33575,100.0,31.20444,214.42348,64.079994
2025-05-27 06:00:00,12.9175,94.26566,12.0175,8.072701,1011.3,1010.3344,100.0,37.52471,229.27956,70.92
2025-05-27 07:00:00,13.3175,90.93286,11.867499,8.754715,1011.8,1010.83527,100.0,35.261627,229.9698,69.84
2025-05-27 08:00:00,13.6675,90.06341,12.0675,9.585663,1012.1,1011.13617,100.0,32.4025,237.01616,71.28
2025-05-27 09:00:00,15.0175,83.62759,12.2675,11.497749,1012.3,1011.34045,97.0,28.99062,241.8439,61.920002
2025-05-27 10:00:00,15.0675,85.57589,12.6675,11.784565,1012.5,1011.54065,100.0,29.66507,250.13562,65.520004
2025-05-27 11:00:00,15.5675,81.52601,12.4175,12.914167,1013.0,1012.04175,100.0,27.009598,248.9076,62.279995
2025-05-27 12:00:00,15.3175,81.22597,12.117499,12.230778,1013.2,1012.2406,100.0,25.687078,241.99846,59.039997
2025-05-27 13:00:00,15.617499,77.6061,11.7175,12.734894,1013.4,1012.44135,100.0,27.558228,236.7251,59.039997
2025-05-27 14:00:00,14.4675,85.79527,12.117499,11.005672,1013.1,1012.13776,100.0,28.260572,232.76509,59.399998
2025-05-27 15:00:00,13.8175,86.86887,11.6675,11.115054,1012.6,1011.63605,100.0,22.070377,217.7111,56.519997
2025-05-27 16:00:00,12.9675,92.727844,11.8175,11.076288,1011.4,1010.4343,100.0,16.833609,204.64676,43.56
2025-05-27 17:00:00,13.117499,94.89596,12.3175,10.325016,1010.3,1009.33594,100.0,24.117985,212.50397,40.68
2025-05-27 18:00:00,13.9175,94.61751,13.0675,9.99225,1009.8,1008.839,100.0,33.602196,229.998,68.4
2025-05-27 19:00:00,13.9175,94.30899,13.0175,10.374212,1009.6,1008.63916,100.0,30.866194,231.39235,62.639996
2025-05-27 20:00:00,13.867499,92.77695,12.7175,10.291122,1009.3,1008.3394,100.0,30.399221,229.80356,57.96
2025-05-27 21:00:00,13.9175,93.38875,12.867499,10.063034,1009.1,1008.13965,100.0,32.65152,236.92316,60.120003
2025-05-27 22:00:00,14.117499,93.09416,13.0175,10.190312,1008.8,1007.8409,100.0,33.498383,236.3953,64.799995
2025-05-27 23:00:00,14.2675,92.19453,13.0175,10.405459,1008.8,1007.84125,100.0,33.05145,237.00229,64.439995
2025-05-28 00:00:00,14.117499,92.18577,12.867499,10.521746,1008.9,1007.9408,100.0,30.877214,240.29663,66.24
2025-05-28 01:00:00,14.2675,93.40614,13.2175,10.655374,1008.7,1007.74133,95.0,31.807074,241.98482,60.120003
2025-05-28 02:00:00,14.0675,93.39621,13.0175,10.317963,1009.0,1008.04047,100.0,32.280277,250.45354,61.199997
2025-05-28 03:00:00,13.8175,93.38376,12.7675,10.543846,1009.0,1008.0395,99.0,28.438292,260.89548,61.56
2025-05-28 04:00:00,13.2175,94.58884,12.367499,10.84709,1009.4,1008.4372,100.0,21.335884,260.77615,54.36
2025-05-28 05:00:00,13.3175,94.28305,12.4175,11.367015,1009.8,1008.83716,100.0,18.568811,253.67307,40.68
2025-05-28 06:00:00,13.7175,92.16232,12.4675,11.8988495,1010.2,1009.23804,100.0,17.777222,254.13422,38.519997
2025-05-28 07:00:00,13.867499,90.96995,12.4175,12.163248,1010.7,1009.73816,100.0,16.87974,248.08507,42.839996
2025-05-28 08:00:00,13.7675,89.4801,12.0675,11.812792,1011.1,1010.13745,100.0,17.816362,251.74802,40.68
2025-05-28 09:00:00,14.0175,88.621414,12.1675,12.072868,1011.2,1010.2384,100.0,17.968472,259.0278,39.6
2025-05-28 10:00:00,13.4175,87.69702,11.4175,11.012842,1011.9,1010.9354,100.0,19.493261,274.23633,40.68
2025-05-28 11:00:00,13.5175,90.6475,12.0175,12.16906,1012.4,1011.4353,100.0,13.54911,289.39792,45.0
2025-05-28 12:00:00,13.9175,86.306915,11.6675,12.591452,1013.4,1012.43555,81.0,12.632101,310.9554,30.239998
2025-05-28 13:00:00,14.5675,80.85886,11.3175,13.197151,1014.7,1013.73663,27.0,16.037182,315.0001,38.519997
2025-05-28 14:00:00,14.617499,76.93833,10.617499,13.248627,1015.5,1014.5361,5.0,15.951087,319.1183,38.88
2025-05-28 15:00:00,14.367499,74.620804,9.9175,12.6591015,1016.6,1015.63403,2.0,15.951087,319.1183,39.6
2025-05-28 16:00:00,14.0675,74.81992,9.6675,11.831867,1017.5,1016.53235,5.0,14.796175,323.4088,37.8
2025-05-28 17:00:00,13.7175,76.79569,9.7175,11.825796,1017.9,1016.93066,0.0,12.534257,324.9405,34.56
2025-05-28 18:00:00,13.2675,78.54972,9.617499,11.6834545,1018.6,1017.6288,0.0,10.233123,320.7106,29.16
2025-05-28 19:00:00,12.6675,84.19113,10.0675,11.5099535,1019.4,1018.4257,1.0,8.181589,309.64413,23.039999
2025-05-28 20:00:00,11.5675,90.81338,10.117499,10.928502,1020.1,1019.1213,1.0,4.724786,287.74475,16.56
2025-05-28 21:00:00,11.3175,91.71228,10.0175,10.570431,1020.3,1019.3204,99.0,5.2694216,277.8532,10.440001
2025-05-28 22:00:00,11.367499,91.71539,10.0675,10.589019,1020.7,1019.72,100.0,5.5829024,271.84756,11.879999
2025-05-28 23:00:00,11.5175,92.03151,10.2675,10.656767,1021.0,1020.02045,100.0,6.542201,262.09293,13.679999
2025-05-29 00:00:00,11.3175,92.01946,10.0675,10.489734,1021.0,1020.0197,100.0,5.920878,250.46326,12.959999
2025-05-29 01:00:00,11.2175,91.0939,9.8175,10.275413,1021.1,1020.1193,100.0,6.21717,247.8905,12.959999
2025-05-29 02:00:00,10.6675,92.600136,9.5175,9.899804,1020.9,1019.9176,100.0,4.4456716,238.24055,11.879999
2025-05-29 03:00:00,11.367499,92.33046,10.1675,10.535965,1021.1,1020.11957,100.0,6.1437774,211.82741,11.879999
2025-05-29 04:00:00,11.367499,93.5715,10.367499,10.228831,1020.8,1019.8199,100.0,8.647496,182.3859,16.56
2025-05-29 05:00:00,11.5675,89.606544,9.9175,10.212408,1020.7,1019.7207,100.0,9.243311,173.29025,18.0
2025-05-29 06:00:00,11.8175,86.96672,9.7175,10.225081,1020.6,1019.62164,100.0,10.483357,164.05453,19.8
2025-05-29 07:00:00,12.117499,88.16611,10.2175,10.425275,1020.2,1019.223,100.0,12.144331,168.0239,23.759998
2025-05-29 08:00:00,12.7675,89.69894,11.117499,11.162283,1020.3,1019.3252,100.0,13.379461,185.4037,26.28
2025-05-29 09:00:00,13.2675,91.832924,11.9675,11.6044445,1019.9,1018.92755,100.0,15.596767,198.85326,30.599998
2025-05-29 10:00:00,14.1675,90.39593,12.617499,12.8892975,1019.3,1018.3309,100.0,14.411245,189.3446,32.760002
2025-05-29 11:00:00,14.867499,82.78851,11.9675,12.100271,1019.0,1018.03375,100.0,23.166218,212.94922,48.96
2025-05-29 12:00:00,15.4175,80.177124,12.0175,11.921242,1018.7,1017.7356,100.0,28.274326,222.93617,57.6
2025-05-29 13:00:00,15.6675,87.61214,13.617499,13.417788,1018.4,1017.4369,100.0,23.417301,219.0725,54.719997
2025-05-29 14:00:00,16.5175,85.448006,14.0675,13.739904,1018.0,1017.04016,100.0,28.135906,226.29599,65.88
2025-05-29 15:00:00,16.2175,87.94566,14.2175,14.089012,1017.6,1016.6395,94.0,24.058804,225.90929,58.679996
2025-05-29 16:00:00,16.417501,86.55206,14.1675,14.140505,1017.5,1016.5402,98.0,24.951921,226.16905,54.0
2025-05-29 17:00:00,16.317501,86.54239,14.0675,14.20919,1017.3,1016.3402,57.0,23.546999,225.30968,52.199997
2025-05-29 18:00:00,15.9175,87.91937,13.9175,13.971659,1017.1,1016.13904,31.0,22.06377,221.36172,49.68
2025-05-29 19:00:00,15.5175,88.45777,13.617499,13.007481,1017.3,1016.3373,9.0,25.20257,224.42136,50.76
2025-05-29 20:00:00,14.9675,90.45263,13.4175,12.461269,1017.7,1016.73535,24.0,24.697416,226.1811,50.039997
2025-05-29 21:00:00,14.6675,92.21782,13.4175,12.17255,1018.0,1017.0337,13.0,24.620552,228.85358,48.96
2025-05-29 22:00:00,14.6675,92.21782,13.4175,12.169865,1018.1,1017.1336,0.0,24.638968,229.44418,48.6
2025-05-29 23:00:00,14.6675,91.917946,13.367499,12.26915,1018.2,1017.2335,0.0,23.838959,231.74553,48.6
2025-05-30 00:00:00,14.5175,92.51017,13.3175,12.41255,1018.3,1017.3332,56.0,21.708477,232.74995,46.8
2025-05-30 01:00:00,14.4175,93.413574,13.367499,12.597147,1018.4,1017.43274,87.0,19.875944,231.98843,41.760002
2025-05-30 02:00:00,14.2675,93.711235,13.2675,12.523071,1018.3,1017.3322,37.0,19.118168,232.26689,38.88
2025-05-30 03:00:00,14.2175,93.70887,13.2175,12.46092,1018.2,1017.2323,5.0,19.083395,234.21094,37.44
2025-05-30 04:00:00,14.0675,94.62361,13.2175,12.337696,1018.3,1017.3316,10.0,18.9,233.13002,37.44
2025-05-30 05:00:00,14.4675,93.41607,13.4175,12.80135,1018.4,1017.43274,30.0,18.937675,233.89246,37.44
2025-05-30 06:00:00,15.0175,91.64073,13.6675,13.4120655,1018.5,1017.5346,92.0,19.121557,236.9083,42.48
2025-05-30 07:00:00,15.3175,90.477264,13.7675,13.535988,1018.8,1017.83527,100.0,20.57125,235.33649,43.56
2025-05-30 08:00:00,15.4175,89.89873,13.7675,13.4832,1019.3,1018.335,100.0,21.618742,235.51598,47.519997
2025-05-30 09:00:00,15.117499,91.64695,13.7675,13.059811,1019.6,1018.63385,100.0,22.465412,236.43723,48.96
2025-05-30 10:00:00,14.617499,92.51577,13.4175,12.407227,1019.7,1018.7321,100.0,22.66857,237.31944,49.68
2025-05-30 11:00:00,14.4175,91.30463,13.0175,12.096596,1019.8,1018.8314,100.0,22.483433,240.76727,49.32
2025-05-30 12:00:00,14.8175,88.68799,12.9675,12.228725,1019.9,1018.9327,100.0,24.20314,239.62096,51.839996
2025-05-30 13:00:00,16.5175,84.62098,13.9175,14.292025,1019.7,1018.7385,51.0,23.979893,234.16226,54.36
2025-05-30 14:00:00,16.567501,82.99403,13.6675,14.8703785,1019.9,1018.93835,40.0,22.303299,244.67586,54.0
2025-05-30 15:00:00,16.667501,82.20075,13.617499,15.752647,1019.8,1018.8388,14.0,16.546299,247.61981,49.32
2025-05-30 16:00:00,16.8675,82.7611,13.9175,16.423052,1019.4,1018.4398,60.0,11.7662735,240.6901,37.44
2025-05-30 17:00:00,16.567501,84.352425,13.9175,16.41624,1019.2,1018.239,100.0,9.7565975,240.12408,28.08
2025-05-30 18:00:00,15.867499,86.78033,13.6675,15.795591,1019.1,1018.1369,84.0,8.604301,232.65057,23.039999
2025-05-30 19:00:00,15.0175,90.45615,13.4675,14.812393,1019.0,1018.0341,82.0,9.037721,225.80684,19.44
2025-05-30 20:00:00,14.2175,92.493324,13.0175,14.043066,1019.2,1018.2314,92.0,7.7650757,225.9391,17.64
2025-05-30 21:00:00,14.0175,92.785065,12.867499,13.801146,1019.0,1018.03094,76.0,7.7043357,217.40543,15.119999
2025-05-30 22:00:00,13.9175,92.779655,12.7675,13.807138,1019.0,1018.0302,100.0,6.7469993,223.91916,14.759999
2025-05-30 23:00:00,13.867499,92.47361,12.6675,13.793404,1018.9,1017.93036,61.0,6.269067,230.82635,12.959999
2025-05-31 00:00:00,13.7675,92.16526,12.5175,13.413345,1018.7,1017.7303,24.0,7.8480825,216.60716,14.759999
2025-05-31 01:00:00,12.9175,93.338646,11.867499,12.389601,1018.5,1017.5275,92.0,7.5942082,211.42952,14.4
2025-05-31 02:00:00,12.8175,93.33362,11.7675,12.189955,1018.3,1017.3274,44.0,8.0599,203.70265,15.119999
2025-05-31 03:00:00,12.6675,93.32602,11.617499,12.046698,1018.0,1017.02704,89.0,7.689603,200.55612,15.119999
2025-05-31 04:00:00,12.6675,93.634705,11.6675,11.9456005,1018.0,1017.02704,68.0,8.490582,201.12479,15.84
2025-05-31 05:00:00,13.4175,92.752464,12.2675,12.7644005,1018.0,1017.0296,87.0,9.335737,199.13374,17.64
2025-05-31 06:00:00,14.5175,92.51017,13.3175,14.578798,1018.1,1017.13336,100.0,6.8541956,193.67133,16.56
2025-05-31 07:00:00,15.9675,89.35945,14.2175,16.532228,1018.2,1017.23804,100.0,5.5916004,213.17853,15.84
2025-05-31 08:00:00,17.067501,87.455315,14.9675,17.835524,1018.2,1017.2415,100.0,6.1094027,224.9999,17.64
2025-05-31 09:00:00,18.067501,85.06137,15.5175,18.970394,1018.1,1017.1451,100.0,6.638072,229.39879,19.44
2025-05-31 10:00:00,18.417501,84.82687,15.8175,19.52453,1017.9,1016.9463,100.0,6.050785,247.249,19.44
2025-05-31 11:00:00,19.1175,83.82809,16.317501,20.655031,1017.6,1016.6491,100.0,5.8104043,253.81071,18.72
2025-05-31 12:00:00,19.917501,83.388794,17.0175,22.186354,1017.9,1016.9514,90.0,8.049845,243.43501,22.68
2025-05-31 13:00:00,20.417501,85.30736,17.8675,23.659615,1017.2,1016.2536,19.0,8.101999,271.273,24.119999
2025-05-31 14:00:00,20.3675,85.57105,17.8675,23.22614,1016.8,1015.8537,7.0,7.814986,277.9434,23.759998
2025-05-31 15:00:00,20.067501,86.89864,17.817501,22.531088,1016.1,1015.1534,6.0,7.2805495,278.53067,22.68
2025-05-31 16:00:00,19.5175,88.22939,17.5175,20.996239,1015.6,1014.6523,7.0,8.37532,278.65247,22.319998
2025-05-31 17:00:00,18.2175,89.817764,16.5175,19.244444,1015.3,1014.3481,55.0,8.553314,278.47107,23.4
2025-05-31 18:00:00,17.1175,89.161995,15.3175,17.987629,1015.2,1014.24475,100.0,6.330782,255.17348,21.24
2025-05-31 19:00:00,16.317501,88.23922,14.367499,16.756332,1014.8,1013.8425,100.0,6.830519,251.56496,15.119999
2025-05-31 20:00:00,15.367499,90.187485,13.7675,16.003103,1014.4,1013.4397,100.0,3.9966488,262.23492,13.32
2025-05-31 21:00:00,15.4675,90.78177,13.9675,16.109037,1014.2,1013.24023,100.0,4.445672,201.37068,8.64
2025-05-31 22:00:00,15.7675,87.621124,13.7175,15.927988,1014.1,1013.14124,100.0,7.1321807,190.17545,12.599999
2025-05-31 23:00:00,16.167501,84.30788,13.5175,15.623301,1013.7,1012.74286,100.0,11.480557,221.18582,21.24
2025-06-01 00:00:00,15.867499,84.82566,13.3175,15.201689,1013.3,1012.3424,99.0,11.837652,208.12364,23.4
2025-06-01 01:00:00,16.1175,89.08264,14.3175,15.512234,1012.7,1011.74384,99.0,13.864674,209.56026,25.919998
2025-06-01 02:00:00,15.0175,84.73312,12.4675,13.576115,1012.5,1011.5403,26.0,15.1884165,211.42952,31.68
2025-06-01 03:00:00,14.2175,88.63812,12.367499,12.679029,1012.0,1011.0382,7.0,15.629971,218.45374,29.88
2025-06-01 04:00:00,14.2175,91.89077,12.9175,12.779045,1012.2,1011.23804,17.0,16.199999,216.86998,31.319998
2025-06-01 05:00:00,14.8175,90.442024,13.2675,13.596199,1012.4,1011.43976,16.0,15.530151,225.9391,34.92
2025-06-01 06:00:00,15.7175,86.20296,13.4175,14.787264,1012.2,1011.24274,14.0,13.88919,251.09532,33.839996
2025-06-01 07:00:00,16.067501,81.32428,12.867499,14.84211,1012.7,1011.7436,100.0,14.619946,265.76367,32.760002
2025-06-01 08:00:00,16.0175,79.99704,12.5675,14.596495,1013.0,1012.0433,100.0,15.273505,261.87,35.28
2025-06-01 09:00:00,15.9675,78.68793,12.2675,14.280788,1013.1,1012.1428,100.0,16.419512,257.33493,37.8
2025-06-01 10:00:00,16.0175,77.92317,12.1675,14.299597,1013.5,1012.5428,100.0,16.62444,250.38782,38.519997
2025-06-01 11:00:00,15.9675,78.68793,12.2675,14.5343685,1013.7,1012.74225,100.0,17.325876,246.09795,40.32
2025-06-01 12:00:00,16.1175,77.68255,12.2175,14.67359,1013.6,1012.64294,99.0,18.847641,241.47697,43.92
2025-06-01 13:00:00,16.167501,76.17174,11.9675,13.58123,1013.7,1012.74286,100.0,21.923082,237.74532,48.239998
2025-06-01 14:00:00,15.5675,81.52601,12.4175,12.589148,1014.0,1013.0408,86.0,25.613817,241.4539,53.28
2025-06-01 15:00:00,16.0175,79.735176,12.5175,13.265987,1013.7,1012.7426,89.0,25.965584,240.05815,59.039997
2025-06-01 16:00:00,15.9175,76.38297,11.7675,13.162979,1013.6,1012.64233,81.0,22.640678,240.98973,55.8
2025-06-01 17:00:00,15.7675,76.10709,11.5675,13.621344,1013.1,1012.1422,6.0,18.037762,233.9305,48.6
2025-06-01 18:00:00,15.2675,79.62952,11.7675,13.461765,1013.1,1012.1406,63.0,16.135872,231.34016,38.88
2025-06-01 19:00:00,14.6675,78.75696,11.0175,12.457306,1013.1,1012.13837,61.0,17.31746,226.68465,34.92
2025-06-01 20:00:00,14.117499,78.675896,10.4675,11.632101,1013.5,1012.53644,24.0,18.080818,223.3865,35.64
2025-06-01 21:00:00,13.9175,79.17288,10.367499,11.3460045,1013.7,1012.7353,33.0,18.470842,217.87505,36.719997
2025-06-01 22:00:00,13.7675,82.10604,10.7675,11.10441,1013.6,1012.6351,63.0,19.90852,217.28441,39.6
2025-06-01 23:00:00,13.8175,84.32133,11.2175,11.393848,1013.6,1012.6351,84.0,19.200188,218.91148,39.96
2025-06-02 00:00:00,13.7175,86.85931,11.5675,11.708123,1013.4,1012.435,99.0,17.10284,220.73201,38.16
2025-06-02 01:00:00,13.867499,86.30194,11.617499,12.139305,1013.3,1012.33563,100.0,15.281989,226.90913,35.28
2025-06-02 02:00:00,13.9675,85.74386,11.617499,12.574997,1013.1,1012.13617,73.0,12.979984,236.3099,29.88
2025-06-02 03:00:00,13.7675,85.44008,11.367499,12.361969,1013.1,1012.13556,8.0,12.535548,254.16754,25.199999
2025-06-02 04:00:00,13.4175,84.83806,10.9175,12.295765,1013.3,1012.33405,37.0,9.6480665,255.96373,24.48
2025-06-02 05:00:00,13.6675,85.14703,11.2175,12.496708,1014.1,1013.1343,53.0,10.609316,255.2564,20.16
2025-06-02 06:00:00,13.9175,79.43734,10.4175,12.242834,1014.5,1013.5345,59.0,12.421304,269.1697,27.359999
2025-06-02 07:00:00,14.367499,78.71281,10.7175,12.780716,1015.0,1014.0356,40.0,12.425216,268.33975,33.12
2025-06-02 08:00:00,14.7675,76.197685,10.617499,12.96176,1015.5,1014.53644,61.0,13.722565,265.48608,36.36
2025-06-02 09:00:00,15.117499,74.74878,10.6675,13.518543,1015.9,1014.93744,100.0,14.967083,273.44733,39.239998
2025-06-02 10:00:00,15.117499,75.24769,10.7675,13.888638,1016.1,1015.1372,12.0,15.546833,275.31445,42.839996
2025-06-02 11:00:00,15.0675,74.98942,10.6675,14.28171,1016.4,1015.43695,7.0,16.415567,273.77222,43.92
2025-06-02 12:00:00,14.9175,74.964096,10.5175,14.026705,1016.7,1015.73596,23.0,17.878086,274.61984,42.48
2025-06-02 13:00:00,15.0675,72.04731,10.0675,13.744829,1016.9,1015.93646,5.0,18.675812,280.55176,44.639996
2025-06-02 14:00:00,14.9175,72.261,9.9675,13.409332,1016.8,1015.8358,9.0,18.216497,281.9761,43.92
2025-06-02 15:00:00,14.7175,72.4666,9.8175,12.730589,1016.7,1015.73535,16.0,17.594023,283.60974,42.839996
2025-06-02 16:00:00,14.4175,74.131424,9.867499,12.166489,1016.6,1015.6344,17.0,15.287288,282.23608,40.68
2025-06-02 17:00:00,14.0675,75.07123,9.7175,12.186331,1016.5,1015.5333,29.0,12.461669,280.82297,35.64
2025-06-02 18:00:00,13.617499,77.81631,9.8175,12.242096,1016.2,1015.23193,2.0,9.187056,272.2457,29.16
2025-06-02 19:00:00,13.0675,80.926575,9.867499,12.129211,1016.4,1015.42993,0.0,6.28713,256.75946,21.599998
2025-06-02 20:00:00,11.8175,89.028854,10.0675,11.296326,1016.7,1015.7254,0.0,3.8183763,224.9999,13.32
2025-06-02 21:00:00,11.9675,88.15299,10.0675,11.256534,1016.6,1015.6262,0.0,5.1197267,190.1246,10.440001
2025-06-02 22:00:00,12.0175,87.27743,9.9675,11.0005,1016.2,1015.2266,0.0,7.0223074,181.46877,13.679999
2025-06-02 23:00:00,11.8175,85.807365,9.5175,10.457384,1015.6,1014.6264,0.0,8.507737,173.92764,16.199999
2025-06-03 00:00:00,11.6675,84.076645,9.0675,9.971662,1014.7,1013.72675,0.0,9.96524,163.20155,19.08
2025-06-03 01:00:00,10.8175,83.6939,8.1675,8.560629,1014.0,1013.0245,0.0,12.189602,163.70589,23.039999
2025-06-03 02:00:00,10.6675,81.985435,7.7175,8.138357,1013.3,1012.3249,1.0,13.277364,164.26793,25.56
2025-06-03 03:00:00,10.4675,80.02279,7.1675,7.771984,1012.6,1011.62494,22.0,13.493999,170.78905,25.919998
2025-06-03 04:00:00,10.6675,74.48762,6.3175,7.3705482,1012.2,1011.226,29.0,16.248924,184.4473,31.68
2025-06-03 05:00:00,11.2175,69.86114,5.9175,7.9559975,1011.8,1010.82825,20.0,15.385525,186.04399,31.68
2025-06-03 06:00:00,12.4175,69.85932,7.0675,9.774123,1011.2,1010.233,21.0,12.971244,177.6141,30.960001
2025-06-03 07:00:00,14.1675,66.72638,8.0675,11.608944,1010.7,1009.7391,7.0,14.081478,175.60138,30.599998
2025-06-03 08:00:00,16.1175,61.310505,8.6675,13.549923,1010.3,1009.34607,91.0,15.206537,173.8846,34.2
2025-06-03 09:00:00,17.8675,57.722294,9.4175,15.573288,1009.5,1008.5526,99.0,17.662945,182.92065,39.6
2025-06-03 10:00:00,19.317501,54.33098,9.867499,17.263166,1009.0,1008.05774,98.0,20.056877,201.03758,44.639996
2025-06-03 11:00:00,19.917501,47.63461,8.4675,16.595543,1008.8,1007.85986,100.0,27.014996,218.77907,58.679996
2025-06-03 12:00:00,19.7675,46.318005,7.9175,15.903061,1008.6,1007.6594,100.0,28.094995,229.67749,63.0
2025-06-03 13:00:00,18.817501,58.929974,10.617499,16.310583,1008.5,1007.5563,86.0,25.31097,236.3099,63.36
2025-06-03 14:00:00,18.067501,63.85147,11.117499,15.845736,1008.2,1007.25446,100.0,23.525661,238.13406,55.079998
2025-06-03 15:00:00,17.3675,61.80919,9.9675,14.071291,1007.9,1006.9526,100.0,22.644258,233.40327,51.839996
2025-06-03 16:00:00,16.167501,62.156082,8.9175,12.663746,1007.7,1006.74854,100.0,22.081387,229.29749,49.32
2025-06-03 17:00:00,15.867499,62.71934,8.7675,11.698621,1007.1,1006.14825,100.0,26.368616,231.09586,53.639996
2025-06-03 18:00:00,15.7675,73.873436,11.117499,11.975052,1006.7,1005.7483,93.0,28.373846,234.29321,56.88
2025-06-03 19:00:00,15.7175,76.60352,11.617499,12.132469,1006.8,1005.84784,50.0,28.011839,226.56218,59.039997
2025-06-03 20:00:00,15.7675,74.364746,11.2175,12.278202,1006.8,1005.84814,58.0,26.504654,222.24745,56.16
2025-06-03 21:00:00,15.7175,75.347725,11.367499,12.0083065,1007.1,1006.1475,55.0,28.329277,220.87761,56.88
2025-06-03 22:00:00,14.9675,82.257286,11.9675,11.687807,1006.8,1005.84564,80.0,26.680105,217.87505,57.6
2025-06-03 23:00:00,14.9675,84.72765,12.4175,11.935179,1006.6,1005.6458,100.0,25.984919,222.75424,54.36
2025-06-04 00:00:00,14.4675,89.82777,12.8175,11.929546,1006.5,1005.544,86.0,23.507751,220.0302,52.199997
2025-06-04 01:00:00,,,,,,,,,,
2025-06-04 02:00:00,,,,,,,,,,
2025-06-04 03:00:00,,,,,,,,,,
2025-06-04 04:00:00,,,,,,,,,,
2025-06-04 05:00:00,,,,,,,,,,
2025-06-04 06:00:00,,,,,,,,,,
2025-06-04 07:00:00,,,,,,,,,,
2025-06-04 08:00:00,,,,,,,,,,
2025-06-04 09:00:00,,,,,,,,,,
2025-06-04 10:00:00,,,,,,,,,,
2025-06-04 11:00:00,,,,,,,,,,
2025-06-04 12:00:00,,,,,,,,,,
2025-06-04 13:00:00,,,,,,,,,,
2025-06-04 14:00:00,,,,,,,,,,
2025-06-04 15:00:00,,,,,,,,,,
2025-06-04 16:00:00,,,,,,,,,,
2025-06-04 17:00:00,,,,,,,,,,
2025-06-04 18:00:00,,,,,,,,,,
2025-06-04 19:00:00,,,,,,,,,,
2025-06-04 20:00:00,,,,,,,,,,
2025-06-04 21:00:00,,,,,,,,,,
2025-06-04 22:00:00,,,,,,,,,,
2025-06-04 23:00:00,,,,,,,,,,
2025-06-05 00:00:00,14.7935,77.0,10.800128,12.155802,1007.6,1006.6443,100.0,19.8,208.0,33.839996
2025-06-05 01:00:00,14.2935,79.0,10.700315,11.836126,1007.1,1006.1428,2.0,18.359999,215.0,32.760002
2025-06-05 02:00:00,14.0435,80.0,10.646089,11.570068,1007.0,1006.04236,17.0,18.359999,212.0,34.2
2025-06-05 03:00:00,14.2935,81.0,11.076653,11.8442955,1006.9,1005.94305,6.0,19.08,214.0,36.0
2025-06-05 04:00:00,13.4935,82.0,10.48047,11.811293,1006.9,1005.94055,74.0,12.599999,174.0,23.759998
2025-06-05 05:00:00,13.4935,82.0,10.48047,11.181293,1006.8,1005.84064,100.0,16.919998,197.0,31.68
2025-06-05 06:00:00,14.6935,79.0,11.089214,12.143036,1006.4,1005.4451,100.0,19.8,210.0,38.519997
2025-06-05 07:00:00,15.5435,74.0,10.927246,12.786303,1006.8,1005.8476,100.0,20.880001,213.0,40.32
2025-06-05 08:00:00,16.3435,68.0,10.424347,13.646755,1006.7,1005.7502,100.0,19.44,221.0,39.239998
2025-06-05 09:00:00,15.0935,74.0,10.493156,12.522234,1006.4,1005.4464,100.0,18.72,216.0,38.88
2025-06-05 10:00:00,15.393499,75.0,10.984598,14.07115,1006.1,1005.1475,100.0,11.159999,202.0,33.839996
2025-06-05 11:00:00,14.1935,90.0,12.576214,12.1682205,1006.2,1005.24335,100.0,19.44,226.0,36.0
2025-06-05 12:00:00,14.393499,89.0,12.603124,12.114613,1006.0,1005.0445,100.0,21.24,204.0,45.0
2025-06-05 13:00:00,14.9435,84.0,12.262661,12.0799885,1005.9,1004.94617,100.0,24.48,218.0,46.44
2025-06-05 14:00:00,14.9935,84.0,12.3116255,11.77845,1005.8,1004.8466,100.0,27.0,220.0,49.68
2025-06-05 15:00:00,15.5935,78.0,11.770937,12.624418,1005.4,1004.4489,100.0,24.119999,217.0,49.68
2025-06-05 16:00:00,16.5935,75.0,12.143912,13.37599,1005.0,1004.05273,25.0,26.64,217.0,49.32
2025-06-05 17:00:00,16.3435,77.0,12.302348,13.335054,1004.8,1003.852,100.0,25.56,221.0,51.12
2025-06-05 18:00:00,15.8435,79.0,12.207207,13.749224,1004.4,1003.4508,100.0,19.08,232.0,46.44
2025-06-05 19:00:00,15.7435,78.0,11.916533,14.290665,1003.8,1002.851,100.0,14.04,214.0,33.839996
2025-06-05 20:00:00,15.143499,83.0,12.276142,14.541834,1003.3,1002.3493,100.0,9.0,213.0,30.960001
2025-06-05 21:00:00,14.7435,92.0,13.456436,13.332602,1002.7,1001.7486,100.0,17.28,198.0,33.839996
2025-06-05 22:00:00,14.2435,94.0,13.29087,13.667715,1002.1,1001.1476,100.0,11.159999,186.0,30.960001
2025-06-05 23:00:00,14.393499,95.0,13.602371,14.083818,1001.3,1000.34894,100.0,10.08,183.0,24.48
2025-06-06 00:00:00,14.5435,94.0,13.588652,11.446457,1001.1,1000.1495,100.0,29.16,236.0,52.199997
2025-06-06 01:00:00,14.0435,94.0,13.092347,11.247031,1000.9,999.9482,100.0,25.919998,243.0,51.48
2025-06-06 02:00:00,13.643499,91.0,12.201043,10.497711,1001.1,1000.14667,100.0,26.28,269.0,48.6
2025-06-06 03:00:00,13.5435,90.0,11.934351,10.311827,1002.0,1001.0455,100.0,26.28,259.0,47.519997
2025-06-06 04:00:00,13.643499,88.0,11.69222,9.9674635,1002.8,1001.84503,100.0,28.8,251.0,51.12
2025-06-06 05:00:00,13.5935,87.0,11.470041,9.742901,1003.7,1002.74384,100.0,29.519999,254.0,54.36
2025-06-06 06:00:00,13.7435,86.0,11.442662,10.094369,1004.7,1003.7436,99.0,28.08,249.0,52.199997
2025-06-06 07:00:00,13.6935,85.0,11.21692,10.079718,1005.7,1004.7423,100.0,27.359999,248.0,50.399998
2025-06-06 08:00:00,14.1935,83.0,11.347091,10.514688,1006.6,1005.64294,100.0,28.08,247.0,50.76
2025-06-06 09:00:00,13.7435,84.0,11.087413,9.8276615,1007.2,1006.2412,99.0,29.16,234.0,52.92
2025-06-06 10:00:00,14.7435,79.0,11.137824,10.895337,1007.8,1006.84375,34.0,28.8,239.0,55.44
2025-06-06 11:00:00,15.9435,75.0,11.515972,13.092506,1008.1,1007.1475,35.0,30.239998,235.0,56.16
2025-06-06 12:00:00,15.2435,74.0,10.637855,11.454893,1008.3,1007.34485,100.0,27.359999,229.0,55.8
2025-06-06 13:00:00,15.1935,76.0,10.990742,11.930555,1007.7,1006.7454,100.0,24.48,219.0,50.039997
2025-06-06 14:00:00,15.1935,79.0,11.5753145,9.852939,1007.8,1006.84534,100.0,39.96,234.0,73.799995
2025-06-06 15:00:00,14.2435,85.0,11.756349,10.640105,1008.2,1007.2418,100.0,28.44,250.0,72.36
2025-06-06 16:00:00,15.0435,74.0,10.4449215,11.460591,1008.8,1007.84375,0.0,25.56,255.0,50.039997
2025-06-06 17:00:00,15.143499,79.0,11.526705,12.255257,1009.3,1008.3436,1.0,23.039999,249.0,45.719997
2025-06-06 18:00:00,14.6935,71.0,9.489651,11.468525,1010.1,1009.14154,5.0,21.24,258.0,45.0
2025-06-06 19:00:00,14.2435,77.0,10.267016,11.868895,1010.4,1009.43976,1.0,16.919998,265.0,37.8
2025-06-06 20:00:00,14.0435,81.0,10.832861,12.308243,1010.8,1009.83875,100.0,13.679999,243.0,29.519999
2025-06-06 21:00:00,13.7935,85.0,11.315,12.204853,1011.0,1010.0376,100.0,13.679999,226.0,24.119999
2025-06-06 22:00:00,13.9435,85.0,11.462116,12.19038,1010.9,1009.9383,100.0,15.119999,207.0,27.359999
2025-06-06 23:00:00,14.2435,84.0,11.577114,12.001205,1010.9,1009.9393,100.0,18.72,231.0,33.839996
2025-06-07 00:00:00,14.143499,84.0,11.479175,11.713151,1010.5,1009.53925,98.0,19.8,223.0,36.36
2025-06-07 01:00:00,13.9435,82.0,10.919952,10.974432,1010.3,1009.33887,99.0,22.319998,219.0,40.32
2025-06-07 02:00:00,13.4435,84.0,10.793584,11.224078,1010.1,1009.1371,100.0,16.919998,210.0,39.96
2025-06-07 03:00:00,12.4435,85.0,9.990862,10.567213,1009.5,1008.5346,99.0,12.959999,195.0,30.239998
2025-06-07 04:00:00,12.0435,85.0,9.598499,9.846603,1009.3,1008.33344,93.0,14.4,197.0,26.28
2025-06-07 05:00:00,12.143499,83.0,9.34203,10.085651,1009.2,1008.23395,100.0,12.959999,198.0,26.64
2025-06-07 06:00:00,12.2435,80.0,8.893187,10.011554,1009.0,1008.0345,100.0,13.32,189.0,24.48
2025-06-07 07:00:00,12.0435,86.0,9.772893,10.000464,1008.4,1007.4343,100.0,13.679999,163.0,24.84
2025-06-07 08:00:00,11.7435,89.0,9.989668,9.551922,1007.8,1006.8337,100.0,15.119999,158.0,28.8
2025-06-07 09:00:00,12.643499,90.0,11.045585,10.395096,1007.1,1006.13745,100.0,17.64,170.0,32.760002
2025-06-07 10:00:00,14.0435,85.0,11.560196,11.900948,1006.6,1005.6427,100.0,18.0,201.0,36.719997
2025-06-07 11:00:00,13.2935,90.0,11.687475,11.663521,1006.4,1005.4404,100.0,14.759999,214.0,41.760002
2025-06-07 12:00:00,15.0935,81.0,11.856747,11.994276,1006.2,1005.2466,81.0,25.199999,215.0,46.44
2025-06-07 13:00:00,14.9435,82.0,11.896517,12.002546,1006.2,1005.2459,100.0,26.28,221.0,49.68
2025-06-07 14:00:00,15.0935,82.0,12.042994,12.106354,1005.8,1004.847,100.0,24.84,218.0,48.6
2025-06-07 15:00:00,15.8435,79.0,12.207207,13.066723,1005.4,1004.4499,100.0,23.759998,222.0,47.16
2025-06-07 16:00:00,15.2935,80.0,11.863192,12.196278,1004.9,1003.9484,100.0,25.199999,217.0,49.32
2025-06-07 17:00:00,15.65,80.0,12.210278,12.683451,1002.5,1001.5519,31.0,25.068514,215.05951,57.6
2025-06-07 18:00:00,15.1,83.0,12.233605,12.301899,1002.1,1001.15045,33.0,23.966375,212.73521,54.719997
2025-06-07 19:00:00,14.4,83.0,11.549042,11.339523,1001.8,1000.8485,34.0,24.26998,212.27562,53.28
2025-06-07 20:00:00,13.6,82.0,10.584484,10.145572,1001.7,1000.7457,37.0,24.962307,213.23172,52.92
2025-06-07 21:00:00,12.9,82.0,9.900815,9.10222,1001.4,1000.4439,44.0,25.959969,213.6901,52.56
2025-06-07 22:00:00,12.4,84.0,9.771493,8.433691,1000.9,999.94244,62.0,26.865265,212.4123,53.639996
2025-06-07 23:00:00,12.05,86.0,9.779278,7.9790277,1000.4,999.442,86.0,27.598173,210.57915,55.079998
2025-06-08 00:00:00,11.8,88.0,9.876544,7.8465586,1000.0,999.0414,100.0,26.980793,211.35703,54.0
2025-06-08 01:00:00,11.7,90.0,10.113818,8.304712,999.9,998.9413,96.0,23.617756,217.56866,47.519997
2025-06-08 02:00:00,11.7,91.0,10.279244,8.926469,1000.1,999.14105,82.0,19.681828,230.19447,38.16
2025-06-08 03:00:00,11.8,92.0,10.542091,9.45742,1000.5,999.54095,72.0,17.25373,246.64441,32.039997
2025-06-08 04:00:00,12.0,92.0,10.740119,9.85523,1001.3,1000.3409,72.0,16.299694,263.6599,30.960001
2025-06-08 05:00:00,12.3,91.0,10.872562,10.068895,1002.3,1001.3409,75.0,17.163355,279.65982,32.760002
2025-06-08 06:00:00,12.6,90.0,11.002626,10.1211605,1003.6,1002.64044,76.0,19.130875,289.79895,36.719997
2025-06-08 07:00:00,12.9,88.0,10.959966,9.930471,1005.2,1004.24023,73.0,22.406927,293.6821,44.28
2025-06-08 08:00:00,13.25,87.0,11.132198,9.767517,1007.1,1006.13934,67.0,26.282463,293.4047,53.639996
2025-06-08 09:00:00,13.6,84.0,10.946867,9.7303505,1008.9,1007.9389,58.0,28.551426,293.00888,60.120003
2025-06-08 10:00:00,13.95,80.0,10.555042,9.935047,1010.4,1009.4388,42.0,28.745949,292.06796,60.479996
2025-06-08 11:00:00,14.3,76.0,10.1260395,11.047674,1011.8,1010.8386,23.0,27.682571,290.55612,57.96
2025-06-08 12:00:00,14.55,73.0,9.765677,11.627478,1013.0,1012.0382,11.0,26.64,288.92474,56.519997
2025-06-08 13:00:00,14.65,72.0,9.65621,11.814356,1014.0,1013.03754,15.0,25.38702,288.1781,57.96
2025-06-08 14:00:00,14.65,72.0,9.65621,11.821966,1014.9,1013.9367,26.0,23.688984,286.7827,60.479996
2025-06-08 15:00:00,14.55,72.0,9.560049,11.539154,1015.7,1014.73566,32.0,22.55106,286.6993,61.920002
2025-06-08 16:00:00,14.25,73.0,9.476713,10.930755,1016.4,1015.4341,27.0,21.862406,287.24155,61.199997
2025-06-08 17:00:00,13.85,74.0,9.293482,10.613717,1017.1,1016.132,17.0,20.948164,289.0578,59.399998
2025-06-08 18:00:00,13.4,76.0,9.254947,10.234161,1017.8,1016.8298,11.0,20.393293,290.6745,57.239998
2025-06-08 19:00:00,13.0,78.0,9.2531595,9.999604,1018.6,1017.6278,12.0,19.255793,290.80685,55.079998
2025-06-08 20:00:00,12.6,81.0,9.425092,9.861665,1019.3,1018.32544,16.0,17.782688,291.3707,52.56
2025-06-08 21:00:00,12.25,82.0,9.265941,9.652588,1019.9,1018.9241,19.0,16.516901,290.40997,50.039997
2025-06-08 22:00:00,11.95,82.0,8.972909,9.539702,1020.2,1019.2228,19.0,14.689589,287.1028,47.519997
2025-06-08 23:00:00,11.75,80.0,8.412542,9.469629,1020.4,1019.42163,18.0,12.783802,279.7275,44.639996
2025-06-09 00:00:00,11.6,79.0,8.081128,9.3630295,1020.6,1019.62103,16.0,11.901798,273.46817,41.760002
2025-06-09 01:00:00,11.6,77.0,7.704191,9.218803,1020.7,1019.72095,10.0,12.24,270.0,37.8
2025-06-09 02:00:00,11.75,75.0,7.463507,9.099313,1020.8,1019.8212,3.0,13.679999,270.0,33.839996
2025-06-09 03:00:00,11.95,74.0,7.4600434,9.140312,1021.0,1020.022,0.0,14.764389,268.60284,31.319998
2025-06-09 04:00:00,12.3,73.0,7.5981297,9.417505,1021.3,1020.3227,4.0,15.496736,267.33704,31.319998
2025-06-09 05:00:00,12.75,73.0,8.031696,9.916535,1021.6,1020.62396,12.0,15.905319,264.80566,33.12
2025-06-09 06:00:00,13.2,73.0,8.465233,10.3099985,1021.9,1020.9253,23.0,17.057314,262.7251,34.2
2025-06-09 07:00:00,13.65,73.0,8.898742,10.599774,1022.2,1021.22656,42.0,18.94024,261.2539,33.839996
2025-06-09 08:00:00,14.1,73.0,9.332227,10.83931,1022.5,1021.52765,65.0,21.188072,260.21765,32.760002
2025-06-09 09:00:00,14.5,73.0,9.717519,11.101402,1022.7,1021.729,78.0,23.157824,258.34073,33.48
2025-06-09 10:00:00,14.75,73.0,9.958314,11.612957,1022.9,1021.92944,72.0,24.280659,254.5213,37.44
2025-06-09 11:00:00,14.9,74.0,10.306486,11.979177,1023.0,1022.02997,56.0,24.94413,249.73422,43.199997
2025-06-09 12:00:00,15.05,74.0,10.451192,12.217945,1023.1,1022.1302,46.0,25.14852,246.3706,47.88
2025-06-09 13:00:00,15.2,73.0,10.391726,12.346092,1023.1,1022.1308,52.0,24.640942,244.93256,50.039997
2025-06-09 14:00:00,15.3,72.0,10.281232,12.406839,1023.0,1022.0313,65.0,23.34455,243.43501,51.12
2025-06-09 15:00:00,15.35,72.0,10.329309,12.401066,1022.9,1021.93164,72.0,22.065973,241.76265,50.76
2025-06-09 16:00:00,15.3,73.0,10.488036,12.467909,1022.6,1021.63165,64.0,20.497883,239.38147,48.6
2025-06-09 17:00:00,15.15,74.0,10.547659,12.558153,1022.3,1021.3313,50.0,18.971008,236.61147,45.36
2025-06-09 18:00:00,14.95,75.0,10.556089,12.533447,1022.0,1021.0309,45.0,17.786331,234.0578,42.48
2025-06-09 19:00:00,14.6,77.0,10.612575,12.2194,1021.8,1020.8301,60.0,17.654688,230.7928,40.32
2025-06-09 20:00:00,14.15,78.0,10.369673,11.634674,1021.7,1020.72864,84.0,18.089775,227.41954,38.519997
2025-06-09 21:00:00,13.8,80.0,10.408979,11.261438,1021.5,1020.5276,100.0,18.328207,224.9999,36.719997
2025-06-09 22:00:00,13.6,82.0,10.584484,11.147816,1021.1,1020.12726,98.0,18.089775,222.58046,35.28
2025-06-09 23:00:00,13.5,83.0,10.668833,11.136259,1020.6,1019.62744,87.0,17.654688,219.20718,33.839996
2025-06-10 00:00:00,13.45,85.0,10.978092,11.211773,1020.1,1019.1279,81.0,17.429354,218.2902,33.12
2025-06-10 01:00:00,13.4,87.0,11.279726,11.180018,1019.6,1018.62805,85.0,17.935081,218.48022,33.48
2025-06-10 02:00:00,13.35,88.0,11.403166,11.101545,1019.1,1018.1283,94.0,18.391737,220.23628,34.56
2025-06-10 03:00:00,13.4,89.0,11.623367,11.190071,1018.7,1017.72894,100.0,18.59845,222.64667,36.0
2025-06-10 04:00:00,13.5,90.0,11.891395,11.3748455,1018.5,1017.5295,100.0,18.59845,227.35333,37.8
2025-06-10 05:00:00,13.7,90.0,12.088894,11.683232,1018.5,1017.5301,100.0,18.289274,233.8067,39.6
2025-06-10 06:00:00,14.0,89.0,12.215075,11.962721,1018.5,1017.53107,100.0,18.709612,239.98172,41.399998
2025-06-10 07:00:00,14.5,86.0,12.185649,12.222401,1018.6,1017.6329,81.0,20.291357,244.7989,42.839996
2025-06-10 08:00:00,15.05,83.0,12.184709,12.474436,1018.7,1017.7344,54.0,22.33161,249.22766,44.28
2025-06-10 09:00:00,15.5,80.0,12.064242,12.688244,1018.8,1017.8359,35.0,23.683512,250.46326,46.44
2025-06-10 10:00:00,15.75,78.0,11.922843,12.84915,1018.9,1017.93677,29.0,24.269983,249.14546,50.399998
2025-06-10 11:00:00,15.85,77.0,11.824091,13.206957,1019.0,1018.037,30.0,24.014996,246.12471,55.44
2025-06-10 12:00:00,15.9,76.0,11.6744,13.444624,1019.0,1018.037,35.0,23.667091,243.82477,59.039997
2025-06-10 13:00:00,16.0,75.0,11.570559,13.569202,1018.8,1017.8374,45.0,23.507753,242.6502,61.199997
2025-06-10 14:00:00,16.05,75.0,11.618859,13.474564,1018.5,1017.5381,58.0,23.507753,242.6502,61.920002
2025-06-10 15:00:00,16.0,75.0,11.570559,13.268684,1018.2,1017.23804,71.0,22.38378,242.19862,61.56
2025-06-10 16:00:00,15.85,76.0,11.626022,13.461353,1017.8,1016.83813,83.0,19.826164,240.64233,59.039997
2025-06-10 17:00:00,15.65,79.0,12.019099,13.845474,1017.3,1016.3379,95.0,16.676977,237.3391,55.079998
2025-06-10 18:00:00,15.45,81.0,12.204355,14.06848,1017.3,1016.3373,100.0,14.186923,234.29321,51.839996
2025-06-10 19:00:00,15.25,83.0,12.380293,14.125389,1018.1,1017.1359,94.0,12.819235,231.84273,50.76
2025-06-10 20:00:00,15.05,85.0,12.547307,14.054176,1019.4,1018.4338,81.0,12.313894,232.12495,50.76
2025-06-10 21:00:00,14.8,87.0,12.656611,13.922213,1020.4,1019.4322,71.0,11.753876,229.9698,48.6
2025-06-10 22:00:00,14.45,89.0,12.65884,13.652037,1020.7,1019.7306,67.0,11.212135,227.60262,42.48
2025-06-10 23:00:00,14.1,91.0,12.652425,13.374138,1020.6,1019.6294,65.0,10.703569,227.72638,34.92
2025-06-11 00:00:00,13.85,92.0,12.571824,13.173407,1020.6,1019.62866,63.0,10.182337,224.9999,28.44
2025-06-11 01:00:00,13.85,93.0,12.736829,13.339256,1020.6,1019.62866,58.0,9.422101,223.45189,25.199999
2025-06-11 02:00:00,14.0,93.0,12.885529,13.574789,1020.7,1019.729,53.0,9.178235,221.82008,23.4
2025-06-11 03:00:00,14.25,93.0,13.133366,14.017406,1020.7,1019.73,47.0,8.435069,219.80553,21.96
2025-06-11 04:00:00,14.55,93.0,13.430765,14.526648,1020.7,1019.7309,41.0,7.7043357,217.40543,20.519999
2025-06-11 05:00:00,15.0,92.0,13.710382,15.178928,1020.8,1019.8324,35.0,6.989936,214.50858,19.44
2025-06-11 06:00:00,15.55,90.0,13.915666,15.87479,1020.8,1019.83435,30.0,6.489992,213.6901,18.72
2025-06-11 07:00:00,16.35,87.0,14.180875,16.88661,1020.8,1019.83685,25.0,5.692099,214.69522,18.72
2025-06-11 08:00:00,17.35,84.0,14.61918,18.171402,1020.9,1019.94,21.0,4.8433046,221.98714,19.44
2025-06-11 09:00:00,18.3,81.0,14.982847,19.332094,1020.9,1019.9431,17.0,4.3349743,228.36655,20.16
2025-06-11 10:00:00,19.25,78.0,15.31941,21.162327,1020.9,1019.9464,14.0,3.396233,237.99466,20.880001
2025-06-11 11:00:00,20.2,74.0,15.417529,22.789696,1020.8,1019.8496,11.0,2.7416782,246.80138,21.96
2025-06-11 12:00:00,20.95,72.0,15.711536,24.077705,1020.7,1019.75195,8.0,1.835647,258.6901,22.68
2025-06-11 13:00:00,21.45,72.0,16.191872,25.002008,1020.4,1019.4539,6.0,0.35999998,270.0,23.039999
2025-06-11 14:00:00,21.7,72.0,16.432024,24.905838,1020.1,1019.155,4.0,1.1384199,71.564964,23.4
2025-06-11 15:00:00,21.85,73.0,16.793325,24.388308,1019.7,1018.7558,2.0,2.9024127,82.875084,23.4
2025-06-11 16:00:00,21.9,74.0,17.056126,23.71423,1019.3,1018.3565,1.0,4.6938252,85.60138,23.4
2025-06-11 17:00:00,21.85,75.0,17.220024,23.5251,1019.0,1018.0564,0.0,6.130579,86.63361,23.759998
2025-06-11 18:00:00,21.55,76.0,17.139557,22.982246,1018.7,1017.75574,0.0,7.5599995,90.0,23.759998
2025-06-11 19:00:00,20.95,76.0,16.559376,21.975685,1018.6,1017.6539,0.0,8.669949,94.76356,23.759998
2025-06-11 20:00:00,20.15,77.0,15.990317,20.766127,1018.5,1017.5514,1.0,9.885262,100.491425,23.759998
2025-06-11 21:00:00,19.35,77.0,15.215369,19.523441,1018.4,1017.449,2.0,10.829959,105.42222,23.759998
2025-06-11 22:00:00,18.55,77.0,14.440342,18.283937,1018.2,1017.24664,4.0,11.841756,109.53674,24.119999
2025-06-11 23:00:00,17.75,78.0,13.863905,17.146544,1018.0,1017.04425,6.0,12.72283,115.11481,24.119999
